[
  {
    "model": "wagtailimages.filter",
    "pk": 1,
    "fields": {
      "spec": "max-165x165"
    }
  },
  {
    "model": "wagtailimages.filter",
    "pk": 2,
    "fields": {
      "spec": "width-800"
    }
  },
  {
    "model": "wagtailimages.filter",
    "pk": 3,
    "fields": {
      "spec": "width-300"
    }
  },
  {
    "model": "wagtailimages.filter",
    "pk": 4,
    "fields": {
      "spec": "width-500"
    }
  },
  {
    "model": "wagtailimages.filter",
    "pk": 5,
    "fields": {
      "spec": "width-600"
    }
  },
  {
    "model": "wagtailimages.filter",
    "pk": 6,
    "fields": {
      "spec": "original"
    }
  },
  {
    "model": "wagtailimages.filter",
    "pk": 7,
    "fields": {
      "spec": "max-800x600"
    }
  },
  {
    "model": "wagtailimages.filter",
    "pk": 8,
    "fields": {
      "spec": "width-350"
    }
  },
  {
    "model": "wagtailimages.filter",
    "pk": 9,
    "fields": {
      "spec": "width-370"
    }
  },
  {
    "model": "wagtailimages.filter",
    "pk": 10,
    "fields": {
      "spec": ""
    }
  },
  {
    "model": "wagtailimages.filter",
    "pk": 11,
    "fields": {
      "spec": "width-165"
    }
  },
  {
    "model": "wagtailimages.rendition",
    "pk": 22,
    "fields": {
      "filter": 1,
      "file": "images/black_and_white_office.max-165x165.jpg",
      "width": 165,
      "height": 110,
      "focal_point_key": "",
      "image": 6
    }
  },
  {
    "model": "wagtailimages.rendition",
    "pk": 23,
    "fields": {
      "filter": 1,
      "file": "images/car_interior.max-165x165.jpg",
      "width": 165,
      "height": 92,
      "focal_point_key": "",
      "image": 5
    }
  },
  {
    "model": "wagtailimages.rendition",
    "pk": 24,
    "fields": {
      "filter": 1,
      "file": "images/house.max-165x165.jpg",
      "width": 165,
      "height": 109,
      "focal_point_key": "",
      "image": 4
    }
  },
  {
    "model": "wagtailimages.rendition",
    "pk": 25,
    "fields": {
      "filter": 5,
      "file": "images/black_and_white_office.width-600.jpg",
      "width": 600,
      "height": 400,
      "focal_point_key": "",
      "image": 6
    }
  },
  {
    "model": "wagtailimages.rendition",
    "pk": 26,
    "fields": {
      "filter": 5,
      "file": "images/car_interior.width-600.jpg",
      "width": 600,
      "height": 337,
      "focal_point_key": "",
      "image": 5
    }
  },
  {
    "model": "wagtailimages.rendition",
    "pk": 27,
    "fields": {
      "filter": 5,
      "file": "images/house.width-600.jpg",
      "width": 600,
      "height": 399,
      "focal_point_key": "",
      "image": 4
    }
  },
  {
    "model": "wagtailimages.rendition",
    "pk": 28,
    "fields": {
      "filter": 4,
      "file": "images/black_and_white_office.width-500.jpg",
      "width": 500,
      "height": 333,
      "focal_point_key": "",
      "image": 6
    }
  },
  {
    "model": "wagtailimages.rendition",
    "pk": 29,
    "fields": {
      "filter": 4,
      "file": "images/car_interior.width-500.jpg",
      "width": 500,
      "height": 281,
      "focal_point_key": "",
      "image": 5
    }
  },
  {
    "model": "wagtailimages.rendition",
    "pk": 30,
    "fields": {
      "filter": 4,
      "file": "images/house.width-500.jpg",
      "width": 500,
      "height": 333,
      "focal_point_key": "",
      "image": 4
    }
  },
  {
    "model": "wagtailimages.rendition",
    "pk": 31,
    "fields": {
      "filter": 1,
      "file": "images/car.max-165x165.jpg",
      "width": 165,
      "height": 165,
      "focal_point_key": "",
      "image": 7
    }
  },
  {
    "model": "wagtailimages.rendition",
    "pk": 32,
    "fields": {
      "filter": 4,
      "file": "images/car.width-500.jpg",
      "width": 500,
      "height": 500,
      "focal_point_key": "",
      "image": 7
    }
  },
  {
    "model": "wagtailimages.rendition",
    "pk": 33,
    "fields": {
      "filter": 8,
      "file": "images/black_and_white_office.width-350.jpg",
      "width": 350,
      "height": 233,
      "focal_point_key": "",
      "image": 6
    }
  },
  {
    "model": "wagtailimages.rendition",
    "pk": 34,
    "fields": {
      "filter": 8,
      "file": "images/car.width-350.jpg",
      "width": 350,
      "height": 350,
      "focal_point_key": "",
      "image": 7
    }
  },
  {
    "model": "wagtailimages.rendition",
    "pk": 35,
    "fields": {
      "filter": 8,
      "file": "images/house.width-350.jpg",
      "width": 350,
      "height": 233,
      "focal_point_key": "",
      "image": 4
    }
  },
  {
    "model": "wagtailimages.rendition",
    "pk": 36,
    "fields": {
      "filter": 9,
      "file": "images/black_and_white_office.width-370.jpg",
      "width": 370,
      "height": 246,
      "focal_point_key": "",
      "image": 6
    }
  },
  {
    "model": "wagtailimages.rendition",
    "pk": 37,
    "fields": {
      "filter": 9,
      "file": "images/car.width-370.jpg",
      "width": 370,
      "height": 370,
      "focal_point_key": "",
      "image": 7
    }
  },
  {
    "model": "wagtailimages.rendition",
    "pk": 38,
    "fields": {
      "filter": 9,
      "file": "images/house.width-370.jpg",
      "width": 370,
      "height": 246,
      "focal_point_key": "",
      "image": 4
    }
  },
  {
    "model": "wagtailimages.rendition",
    "pk": 39,
    "fields": {
      "filter": 1,
      "file": "images/car_gauge.max-165x165.jpg",
      "width": 165,
      "height": 109,
      "focal_point_key": "",
      "image": 8
    }
  },
  {
    "model": "wagtailimages.rendition",
    "pk": 40,
    "fields": {
      "filter": 4,
      "file": "images/car_gauge.width-500.jpg",
      "width": 500,
      "height": 332,
      "focal_point_key": "",
      "image": 8
    }
  },
  {
    "model": "wagtailimages.rendition",
    "pk": 41,
    "fields": {
      "filter": 1,
      "file": "images/black_and_white_house.max-165x165.jpg",
      "width": 165,
      "height": 110,
      "focal_point_key": "",
      "image": 9
    }
  },
  {
    "model": "wagtailimages.rendition",
    "pk": 42,
    "fields": {
      "filter": 4,
      "file": "images/black_and_white_house.width-500.jpg",
      "width": 500,
      "height": 333,
      "focal_point_key": "",
      "image": 9
    }
  },
  {
    "model": "wagtailimages.rendition",
    "pk": 43,
    "fields": {
      "filter": 6,
      "file": "images/black_and_white_house.original_ruIOmEv.jpg",
      "width": 1920,
      "height": 1280,
      "focal_point_key": "",
      "image": 9
    }
  },
  {
    "model": "wagtailimages.rendition",
    "pk": 44,
    "fields": {
      "filter": 7,
      "file": "images/black_and_white_house.max-800x600_8chobBX.jpg",
      "width": 800,
      "height": 533,
      "focal_point_key": "",
      "image": 9
    }
  },
  {
    "model": "wagtailimages.rendition",
    "pk": 45,
    "fields": {
      "filter": 6,
      "file": "images/black_and_white_office.original.jpg",
      "width": 1920,
      "height": 1280,
      "focal_point_key": "",
      "image": 6
    }
  },
  {
    "model": "wagtailimages.rendition",
    "pk": 46,
    "fields": {
      "filter": 7,
      "file": "images/black_and_white_office.max-800x600.jpg",
      "width": 800,
      "height": 533,
      "focal_point_key": "",
      "image": 6
    }
  },
  {
    "model": "wagtailimages.rendition",
    "pk": 47,
    "fields": {
      "filter": 6,
      "file": "images/car_gauge.original.jpg",
      "width": 1920,
      "height": 1275,
      "focal_point_key": "",
      "image": 8
    }
  },
  {
    "model": "wagtailimages.rendition",
    "pk": 48,
    "fields": {
      "filter": 7,
      "file": "images/car_gauge.max-800x600.jpg",
      "width": 800,
      "height": 531,
      "focal_point_key": "",
      "image": 8
    }
  },
  {
    "model": "wagtailimages.rendition",
    "pk": 49,
    "fields": {
      "filter": 6,
      "file": "images/car_interior.original.jpg",
      "width": 1920,
      "height": 1080,
      "focal_point_key": "",
      "image": 5
    }
  },
  {
    "model": "wagtailimages.rendition",
    "pk": 50,
    "fields": {
      "filter": 7,
      "file": "images/car_interior.max-800x600.jpg",
      "width": 800,
      "height": 450,
      "focal_point_key": "",
      "image": 5
    }
  },
  {
    "model": "wagtailimages.rendition",
    "pk": 51,
    "fields": {
      "filter": 6,
      "file": "images/car.original.jpg",
      "width": 1280,
      "height": 1280,
      "focal_point_key": "",
      "image": 7
    }
  },
  {
    "model": "wagtailimages.rendition",
    "pk": 52,
    "fields": {
      "filter": 7,
      "file": "images/car.max-800x600.jpg",
      "width": 600,
      "height": 600,
      "focal_point_key": "",
      "image": 7
    }
  },
  {
    "model": "wagtailimages.rendition",
    "pk": 53,
    "fields": {
      "filter": 1,
      "file": "images/computer.max-165x165.jpg",
      "width": 165,
      "height": 110,
      "focal_point_key": "",
      "image": 10
    }
  },
  {
    "model": "wagtailimages.rendition",
    "pk": 54,
    "fields": {
      "filter": 1,
      "file": "images/money.max-165x165.jpg",
      "width": 165,
      "height": 110,
      "focal_point_key": "",
      "image": 11
    }
  },
  {
    "model": "wagtailimages.rendition",
    "pk": 57,
    "fields": {
      "filter": 1,
      "file": "images/city-people-walking-blur.max-165x165.jpg",
      "width": 165,
      "height": 110,
      "focal_point_key": "",
      "image": 14
    }
  },
  {
    "model": "wagtailimages.rendition",
    "pk": 58,
    "fields": {
      "filter": 1,
      "file": "images/apothecary-pharmacy-chemist-mortar-and-pestl.max-165x165.jpg",
      "width": 165,
      "height": 110,
      "focal_point_key": "",
      "image": 15
    }
  },
  {
    "model": "wagtailimages.rendition",
    "pk": 59,
    "fields": {
      "filter": 4,
      "file": "images/computer.width-500.jpg",
      "width": 500,
      "height": 333,
      "focal_point_key": "",
      "image": 10
    }
  },
  {
    "model": "wagtailimages.rendition",
    "pk": 60,
    "fields": {
      "filter": 4,
      "file": "images/money.width-500.jpg",
      "width": 500,
      "height": 333,
      "focal_point_key": "",
      "image": 11
    }
  },
  {
    "model": "wagtailimages.rendition",
    "pk": 63,
    "fields": {
      "filter": 4,
      "file": "images/city-people-walking-blur.width-500.jpg",
      "width": 500,
      "height": 334,
      "focal_point_key": "",
      "image": 14
    }
  },
  {
    "model": "wagtailimages.rendition",
    "pk": 64,
    "fields": {
      "filter": 4,
      "file": "images/apothecary-pharmacy-chemist-mortar-and-pestle-.width-500.jpg",
      "width": 500,
      "height": 333,
      "focal_point_key": "",
      "image": 15
    }
  },
  {
    "model": "wagtailimages.rendition",
    "pk": 75,
    "fields": {
      "filter": 1,
      "file": "images/hands.max-165x165.jpg",
      "width": 165,
      "height": 110,
      "focal_point_key": "",
      "image": 13
    }
  },
  {
    "model": "wagtailimages.rendition",
    "pk": 76,
    "fields": {
      "filter": 4,
      "file": "images/hands.width-500.jpg",
      "width": 500,
      "height": 333,
      "focal_point_key": "",
      "image": 13
    }
  },
  {
    "model": "wagtailimages.rendition",
    "pk": 79,
    "fields": {
      "filter": 1,
      "file": "images/plane.max-165x165.jpg",
      "width": 165,
      "height": 110,
      "focal_point_key": "",
      "image": 12
    }
  },
  {
    "model": "wagtailimages.rendition",
    "pk": 80,
    "fields": {
      "filter": 4,
      "file": "images/plane.width-500.jpg",
      "width": 500,
      "height": 333,
      "focal_point_key": "",
      "image": 12
    }
  },
  {
    "model": "wagtailimages.rendition",
    "pk": 81,
    "fields": {
      "filter": 6,
      "file": "images/apothecary-pharmacy-chemist-mortar-and-pestle-3.original.jpg",
      "width": 1920,
      "height": 1280,
      "focal_point_key": "",
      "image": 15
    }
  },
  {
    "model": "wagtailimages.rendition",
    "pk": 82,
    "fields": {
      "filter": 7,
      "file": "images/apothecary-pharmacy-chemist-mortar-and-pestl.max-800x600.jpg",
      "width": 800,
      "height": 533,
      "focal_point_key": "",
      "image": 15
    }
  },
  {
    "model": "wagtailimages.rendition",
    "pk": 83,
    "fields": {
      "filter": 1,
      "file": "images/cheikh_at_sy.max-165x165.jpg",
      "width": 160,
      "height": 165,
      "focal_point_key": "",
      "image": 16
    }
  },
  {
    "model": "wagtailimages.rendition",
    "pk": 84,
    "fields": {
      "filter": 1,
      "file": "images/albert_sagna.max-165x165.jpg",
      "width": 160,
      "height": 165,
      "focal_point_key": "",
      "image": 17
    }
  },
  {
    "model": "wagtailimages.rendition",
    "pk": 85,
    "fields": {
      "filter": 1,
      "file": "images/lamine_ndong.max-165x165.jpg",
      "width": 160,
      "height": 165,
      "focal_point_key": "",
      "image": 18
    }
  },
  {
    "model": "wagtailimages.rendition",
    "pk": 86,
    "fields": {
      "filter": 1,
      "file": "images/pauline_fall.max-165x165.jpg",
      "width": 160,
      "height": 165,
      "focal_point_key": "",
      "image": 19
    }
  },
  {
    "model": "wagtailimages.rendition",
    "pk": 87,
    "fields": {
      "filter": 1,
      "file": "images/maguette_sarr.max-165x165.jpg",
      "width": 160,
      "height": 165,
      "focal_point_key": "",
      "image": 20
    }
  },
  {
    "model": "wagtailimages.rendition",
    "pk": 88,
    "fields": {
      "filter": 1,
      "file": "images/awa_diouf.max-165x165.jpg",
      "width": 160,
      "height": 165,
      "focal_point_key": "",
      "image": 21
    }
  },
  {
    "model": "wagtailimages.rendition",
    "pk": 89,
    "fields": {
      "filter": 1,
      "file": "images/blondin_gueye.max-165x165.jpg",
      "width": 160,
      "height": 165,
      "focal_point_key": "",
      "image": 22
    }
  },
  {
    "model": "wagtailimages.rendition",
    "pk": 90,
    "fields": {
      "filter": 11,
      "file": "images/cheikh_at_sy.width-165.jpg",
      "width": 165,
      "height": 169,
      "focal_point_key": "",
      "image": 16
    }
  },
  {
    "model": "wagtailimages.rendition",
    "pk": 91,
    "fields": {
      "filter": 11,
      "file": "images/albert_sagna.width-165.jpg",
      "width": 165,
      "height": 169,
      "focal_point_key": "",
      "image": 17
    }
  },
  {
    "model": "wagtailimages.rendition",
    "pk": 92,
    "fields": {
      "filter": 11,
      "file": "images/lamine_ndong.width-165.jpg",
      "width": 165,
      "height": 169,
      "focal_point_key": "",
      "image": 18
    }
  },
  {
    "model": "wagtailimages.rendition",
    "pk": 93,
    "fields": {
      "filter": 11,
      "file": "images/pauline_fall.width-165.jpg",
      "width": 165,
      "height": 169,
      "focal_point_key": "",
      "image": 19
    }
  },
  {
    "model": "wagtailimages.rendition",
    "pk": 94,
    "fields": {
      "filter": 11,
      "file": "images/maguette_sarr.width-165.jpg",
      "width": 165,
      "height": 169,
      "focal_point_key": "",
      "image": 20
    }
  },
  {
    "model": "wagtailimages.rendition",
    "pk": 95,
    "fields": {
      "filter": 11,
      "file": "images/awa_diouf.width-165.jpg",
      "width": 165,
      "height": 169,
      "focal_point_key": "",
      "image": 21
    }
  },
  {
    "model": "wagtailimages.rendition",
    "pk": 96,
    "fields": {
      "filter": 11,
      "file": "images/blondin_gueye.width-165.jpg",
      "width": 165,
      "height": 169,
      "focal_point_key": "",
      "image": 22
    }
  },
  {
    "model": "wagtailimages.rendition",
    "pk": 97,
    "fields": {
      "filter": 6,
      "file": "images/cheikh_at_sy.original.jpg",
      "width": 370,
      "height": 380,
      "focal_point_key": "",
      "image": 16
    }
  },
  {
    "model": "wagtailimages.rendition",
    "pk": 98,
    "fields": {
      "filter": 6,
      "file": "images/albert_sagna.original.jpg",
      "width": 370,
      "height": 380,
      "focal_point_key": "",
      "image": 17
    }
  },
  {
    "model": "wagtailimages.rendition",
    "pk": 99,
    "fields": {
      "filter": 6,
      "file": "images/lamine_ndong.original.jpg",
      "width": 360,
      "height": 370,
      "focal_point_key": "",
      "image": 18
    }
  },
  {
    "model": "wagtailimages.rendition",
    "pk": 100,
    "fields": {
      "filter": 6,
      "file": "images/pauline_fall.original.jpg",
      "width": 360,
      "height": 370,
      "focal_point_key": "",
      "image": 19
    }
  },
  {
    "model": "wagtailimages.rendition",
    "pk": 101,
    "fields": {
      "filter": 6,
      "file": "images/maguette_sarr.original.jpg",
      "width": 360,
      "height": 370,
      "focal_point_key": "",
      "image": 20
    }
  },
  {
    "model": "wagtailimages.rendition",
    "pk": 102,
    "fields": {
      "filter": 6,
      "file": "images/awa_diouf.original.jpg",
      "width": 360,
      "height": 370,
      "focal_point_key": "",
      "image": 21
    }
  },
  {
    "model": "wagtailimages.rendition",
    "pk": 103,
    "fields": {
      "filter": 6,
      "file": "images/blondin_gueye.original.jpg",
      "width": 360,
      "height": 370,
      "focal_point_key": "",
      "image": 22
    }
  },
  {
    "model": "wagtailcore.site",
    "pk": 2,
    "fields": {
      "hostname": "localhost",
      "port": 80,
      "site_name": null,
      "root_page": 3,
      "is_default_site": true
    }
  },
  {
    "model": "wagtailcore.collection",
    "pk": 1,
    "fields": {
      "path": "0001",
      "depth": 1,
      "numchild": 0,
      "name": "Root"
    }
  },
  {
    "model": "taggit.tag",
    "pk": 1,
    "fields": {
      "name": "voiture",
      "slug": "voiture"
    }
  },
  {
    "model": "taggit.tag",
    "pk": 2,
    "fields": {
      "name": "bmw",
      "slug": "bmw"
    }
  },
  {
    "model": "taggit.tag",
    "pk": 3,
    "fields": {
      "name": "plage",
      "slug": "plage"
    }
  },
  {
    "model": "taggit.tag",
    "pk": 4,
    "fields": {
      "name": "paysage",
      "slug": "paysage"
    }
  },
  {
    "model": "taggit.tag",
    "pk": 5,
    "fields": {
      "name": "mer",
      "slug": "mer"
    }
  },
  {
    "model": "taggit.tag",
    "pk": 6,
    "fields": {
      "name": "italie",
      "slug": "italie"
    }
  },
  {
    "model": "taggit.tag",
    "pk": 7,
    "fields": {
      "name": "pise",
      "slug": "pise"
    }
  },
  {
    "model": "taggit.tag",
    "pk": 8,
    "fields": {
      "name": "maison",
      "slug": "maison"
    }
  },
  {
    "model": "taggit.tag",
    "pk": 9,
    "fields": {
      "name": "bureau",
      "slug": "bureau"
    }
  },
  {
    "model": "taggit.tag",
    "pk": 10,
    "fields": {
      "name": "noir",
      "slug": "noir"
    }
  },
  {
    "model": "taggit.tag",
    "pk": 11,
    "fields": {
      "name": "blanc",
      "slug": "blanc"
    }
  },
  {
    "model": "taggit.tag",
    "pk": 12,
    "fields": {
      "name": "int\u00e9rieur",
      "slug": "interieur"
    }
  },
  {
    "model": "taggit.tag",
    "pk": 13,
    "fields": {
      "name": "jaune",
      "slug": "jaune"
    }
  },
  {
    "model": "taggit.tag",
    "pk": 14,
    "fields": {
      "name": "jauge",
      "slug": "jauge"
    }
  },
  {
    "model": "taggit.tag",
    "pk": 15,
    "fields": {
      "name": "employee",
      "slug": "employee"
    }
  },
  {
    "model": "taggit.taggeditem",
    "pk": 9,
    "fields": {
      "tag": 8,
      "content_type": [
        "wagtailimages",
        "image"
      ],
      "object_id": 4
    }
  },
  {
    "model": "taggit.taggeditem",
    "pk": 10,
    "fields": {
      "tag": 9,
      "content_type": [
        "wagtailimages",
        "image"
      ],
      "object_id": 6
    }
  },
  {
    "model": "taggit.taggeditem",
    "pk": 11,
    "fields": {
      "tag": 10,
      "content_type": [
        "wagtailimages",
        "image"
      ],
      "object_id": 6
    }
  },
  {
    "model": "taggit.taggeditem",
    "pk": 12,
    "fields": {
      "tag": 11,
      "content_type": [
        "wagtailimages",
        "image"
      ],
      "object_id": 6
    }
  },
  {
    "model": "taggit.taggeditem",
    "pk": 13,
    "fields": {
      "tag": 1,
      "content_type": [
        "wagtailimages",
        "image"
      ],
      "object_id": 5
    }
  },
  {
    "model": "taggit.taggeditem",
    "pk": 14,
    "fields": {
      "tag": 12,
      "content_type": [
        "wagtailimages",
        "image"
      ],
      "object_id": 5
    }
  },
  {
    "model": "taggit.taggeditem",
    "pk": 15,
    "fields": {
      "tag": 1,
      "content_type": [
        "wagtailimages",
        "image"
      ],
      "object_id": 7
    }
  },
  {
    "model": "taggit.taggeditem",
    "pk": 16,
    "fields": {
      "tag": 13,
      "content_type": [
        "wagtailimages",
        "image"
      ],
      "object_id": 7
    }
  },
  {
    "model": "taggit.taggeditem",
    "pk": 17,
    "fields": {
      "tag": 1,
      "content_type": [
        "wagtailimages",
        "image"
      ],
      "object_id": 8
    }
  },
  {
    "model": "taggit.taggeditem",
    "pk": 18,
    "fields": {
      "tag": 14,
      "content_type": [
        "wagtailimages",
        "image"
      ],
      "object_id": 8
    }
  },
  {
    "model": "taggit.taggeditem",
    "pk": 19,
    "fields": {
      "tag": 8,
      "content_type": [
        "wagtailimages",
        "image"
      ],
      "object_id": 9
    }
  },
  {
    "model": "taggit.taggeditem",
    "pk": 20,
    "fields": {
      "tag": 10,
      "content_type": [
        "wagtailimages",
        "image"
      ],
      "object_id": 9
    }
  },
  {
    "model": "taggit.taggeditem",
    "pk": 21,
    "fields": {
      "tag": 11,
      "content_type": [
        "wagtailimages",
        "image"
      ],
      "object_id": 9
    }
  },
  {
    "model": "taggit.taggeditem",
    "pk": 22,
    "fields": {
      "tag": 15,
      "content_type": [
        "wagtailimages",
        "image"
      ],
      "object_id": 16
    }
  },
  {
    "model": "taggit.taggeditem",
    "pk": 23,
    "fields": {
      "tag": 15,
      "content_type": [
        "wagtailimages",
        "image"
      ],
      "object_id": 17
    }
  },
  {
    "model": "taggit.taggeditem",
    "pk": 24,
    "fields": {
      "tag": 15,
      "content_type": [
        "wagtailimages",
        "image"
      ],
      "object_id": 18
    }
  },
  {
    "model": "taggit.taggeditem",
    "pk": 25,
    "fields": {
      "tag": 15,
      "content_type": [
        "wagtailimages",
        "image"
      ],
      "object_id": 19
    }
  },
  {
    "model": "taggit.taggeditem",
    "pk": 26,
    "fields": {
      "tag": 15,
      "content_type": [
        "wagtailimages",
        "image"
      ],
      "object_id": 20
    }
  },
  {
    "model": "taggit.taggeditem",
    "pk": 27,
    "fields": {
      "tag": 15,
      "content_type": [
        "wagtailimages",
        "image"
      ],
      "object_id": 21
    }
  },
  {
    "model": "taggit.taggeditem",
    "pk": 28,
    "fields": {
      "tag": 15,
      "content_type": [
        "wagtailimages",
        "image"
      ],
      "object_id": 22
    }
  },
  {
    "model": "wagtailcore.pagerevision",
    "pk": 1,
    "fields": {
      "page": 3,
      "submitted_for_moderation": false,
      "created_at": "2016-08-28T20:11:22.782Z",
      "user": [
        "admin"
      ],
      "content_json": "{\"title\": \"Homepage\", \"first_published_at\": null, \"path\": \"00010001\", \"expire_at\": null, \"latest_revision_created_at\": null, \"products\": \"[{\\\"value\\\": {\\\"caption\\\": \\\"<p>Lorem ipsum dolor sit amet, consectetur adipiscing elit, sed do eiusmod tempor incididunt ut labore et dolore magna aliqua. Ut enim ad minim veniam, quis nostrud exercitation ullamco laboris nisi ut aliquip ex ea commodo consequat. Duis aute irure dolor in reprehenderit in voluptate velit esse cillum dolore eu fugiat nulla pariatur. Excepteur sint occaecat cupidatat non proident, sunt in culpa qui officia deserunt mollit anim id est laborum.</p>\\\", \\\"image\\\": 3}, \\\"type\\\": \\\"product\\\"}, {\\\"value\\\": {\\\"caption\\\": \\\"<p>Lorem ipsum dolor sit amet, consectetur adipiscing elit, sed do eiusmod tempor incididunt ut labore et dolore magna aliqua. Ut enim ad minim veniam, quis nostrud exercitation ullamco laboris nisi ut aliquip ex ea commodo consequat. Duis aute irure dolor in reprehenderit in voluptate velit esse cillum dolore eu fugiat nulla pariatur. Excepteur sint occaecat cupidatat non proident, sunt in culpa qui officia deserunt mollit anim id est laborum.</p>\\\", \\\"image\\\": 1}, \\\"type\\\": \\\"product\\\"}, {\\\"value\\\": {\\\"caption\\\": \\\"<p>Lorem ipsum dolor sit amet, consectetur adipiscing elit, sed do eiusmod tempor incididunt ut labore et dolore magna aliqua. Ut enim ad minim veniam, quis nostrud exercitation ullamco laboris nisi ut aliquip ex ea commodo consequat. Duis aute irure dolor in reprehenderit in voluptate velit esse cillum dolore eu fugiat nulla pariatur. Excepteur sint occaecat cupidatat non proident, sunt in culpa qui officia deserunt mollit anim id est laborum.</p>\\\", \\\"image\\\": 2}, \\\"type\\\": \\\"product\\\"}]\", \"pk\": 3, \"owner\": null, \"search_description\": \"\", \"content_type\": 2, \"url_path\": \"/home/\", \"expired\": false, \"depth\": 2, \"seo_title\": \"\", \"live\": true, \"slug\": \"home\", \"numchild\": 0, \"show_in_menus\": false, \"go_live_at\": null, \"locked\": false, \"has_unpublished_changes\": false}",
      "approved_go_live_at": null
    }
  },
  {
    "model": "wagtailcore.pagerevision",
    "pk": 2,
    "fields": {
      "page": 3,
      "submitted_for_moderation": false,
      "created_at": "2016-08-28T20:11:29.875Z",
      "user": [
        "admin"
      ],
      "content_json": "{\"title\": \"Homepage\", \"first_published_at\": null, \"path\": \"00010001\", \"expire_at\": null, \"latest_revision_created_at\": \"2016-08-28T20:11:22.782Z\", \"products\": \"[{\\\"value\\\": {\\\"caption\\\": \\\"<p>Lorem ipsum dolor sit amet, consectetur adipiscing elit, sed do eiusmod tempor incididunt ut labore et dolore magna aliqua. Ut enim ad minim veniam, quis nostrud exercitation ullamco laboris nisi ut aliquip ex ea commodo consequat. Duis aute irure dolor in reprehenderit in voluptate velit esse cillum dolore eu fugiat nulla pariatur. Excepteur sint occaecat cupidatat non proident, sunt in culpa qui officia deserunt mollit anim id est laborum.</p>\\\", \\\"image\\\": 3}, \\\"type\\\": \\\"product\\\"}, {\\\"value\\\": {\\\"caption\\\": \\\"<p>Lorem ipsum dolor sit amet, consectetur adipiscing elit, sed do eiusmod tempor incididunt ut labore et dolore magna aliqua. Ut enim ad minim veniam, quis nostrud exercitation ullamco laboris nisi ut aliquip ex ea commodo consequat. Duis aute irure dolor in reprehenderit in voluptate velit esse cillum dolore eu fugiat nulla pariatur. Excepteur sint occaecat cupidatat non proident, sunt in culpa qui officia deserunt mollit anim id est laborum.</p>\\\", \\\"image\\\": 1}, \\\"type\\\": \\\"product\\\"}, {\\\"value\\\": {\\\"caption\\\": \\\"<p>Lorem ipsum dolor sit amet, consectetur adipiscing elit, sed do eiusmod tempor incididunt ut labore et dolore magna aliqua. Ut enim ad minim veniam, quis nostrud exercitation ullamco laboris nisi ut aliquip ex ea commodo consequat. Duis aute irure dolor in reprehenderit in voluptate velit esse cillum dolore eu fugiat nulla pariatur. Excepteur sint occaecat cupidatat non proident, sunt in culpa qui officia deserunt mollit anim id est laborum.</p>\\\", \\\"image\\\": 2}, \\\"type\\\": \\\"product\\\"}]\", \"pk\": 3, \"owner\": null, \"search_description\": \"\", \"content_type\": 2, \"url_path\": \"/home/\", \"expired\": false, \"depth\": 2, \"seo_title\": \"\", \"live\": true, \"slug\": \"home\", \"numchild\": 0, \"show_in_menus\": false, \"go_live_at\": null, \"locked\": false, \"has_unpublished_changes\": true}",
      "approved_go_live_at": null
    }
  },
  {
    "model": "wagtailcore.pagerevision",
    "pk": 3,
    "fields": {
      "page": 3,
      "submitted_for_moderation": false,
      "created_at": "2016-08-28T20:18:24.433Z",
      "user": [
        "admin"
      ],
      "content_json": "{\"title\": \"3CA / CABINET COURTAGE & CONSEIL\", \"first_published_at\": \"2016-08-28T20:11:29.901Z\", \"path\": \"00010001\", \"expire_at\": null, \"latest_revision_created_at\": \"2016-08-28T20:11:29.875Z\", \"products\": \"[{\\\"value\\\": {\\\"caption\\\": \\\"<p>Lorem ipsum dolor sit amet, consectetur adipiscing elit, sed do eiusmod tempor incididunt ut labore et dolore magna aliqua. Ut enim ad minim veniam, quis nostrud exercitation ullamco laboris nisi ut aliquip ex ea commodo consequat. Duis aute irure dolor in reprehenderit in voluptate velit esse cillum dolore eu fugiat nulla pariatur. Excepteur sint occaecat cupidatat non proident, sunt in culpa qui officia deserunt mollit anim id est laborum.</p>\\\", \\\"image\\\": 3}, \\\"type\\\": \\\"product\\\"}, {\\\"value\\\": {\\\"caption\\\": \\\"<p>Lorem ipsum dolor sit amet, consectetur adipiscing elit, sed do eiusmod tempor incididunt ut labore et dolore magna aliqua. Ut enim ad minim veniam, quis nostrud exercitation ullamco laboris nisi ut aliquip ex ea commodo consequat. Duis aute irure dolor in reprehenderit in voluptate velit esse cillum dolore eu fugiat nulla pariatur. Excepteur sint occaecat cupidatat non proident, sunt in culpa qui officia deserunt mollit anim id est laborum.</p>\\\", \\\"image\\\": 1}, \\\"type\\\": \\\"product\\\"}, {\\\"value\\\": {\\\"caption\\\": \\\"<p>Lorem ipsum dolor sit amet, consectetur adipiscing elit, sed do eiusmod tempor incididunt ut labore et dolore magna aliqua. Ut enim ad minim veniam, quis nostrud exercitation ullamco laboris nisi ut aliquip ex ea commodo consequat. Duis aute irure dolor in reprehenderit in voluptate velit esse cillum dolore eu fugiat nulla pariatur. Excepteur sint occaecat cupidatat non proident, sunt in culpa qui officia deserunt mollit anim id est laborum.</p>\\\", \\\"image\\\": 2}, \\\"type\\\": \\\"product\\\"}]\", \"pk\": 3, \"owner\": null, \"search_description\": \"\", \"content_type\": 2, \"url_path\": \"/home/\", \"expired\": false, \"depth\": 2, \"seo_title\": \"\", \"live\": true, \"slug\": \"home\", \"numchild\": 0, \"show_in_menus\": false, \"go_live_at\": null, \"locked\": false, \"has_unpublished_changes\": false}",
      "approved_go_live_at": null
    }
  },
  {
    "model": "wagtailcore.pagerevision",
    "pk": 4,
    "fields": {
      "page": 3,
      "submitted_for_moderation": false,
      "created_at": "2016-08-28T21:56:29.392Z",
      "user": [
        "admin"
      ],
      "content_json": "{\"expired\": false, \"first_published_at\": \"2016-08-28T20:11:29.901Z\", \"numchild\": 0, \"depth\": 2, \"seo_title\": \"\", \"show_in_menus\": false, \"has_unpublished_changes\": true, \"expire_at\": null, \"owner\": null, \"products\": \"[{\\\"type\\\": \\\"product\\\", \\\"value\\\": {\\\"caption\\\": \\\"<p>Lorem ipsum dolor sit amet, consectetur adipiscing elit, sed do eiusmod tempor incididunt ut labore et dolore magna aliqua. Ut enim ad minim veniam, quis nostrud exercitation ullamco laboris nisi ut aliquip ex ea commodo consequat. Duis aute irure dolor in reprehenderit in voluptate velit esse cillum dolore eu fugiat nulla pariatur. Excepteur sint occaecat cupidatat non proident, sunt in culpa qui officia deserunt mollit anim id est laborum.</p>\\\", \\\"image\\\": 3}}, {\\\"type\\\": \\\"product\\\", \\\"value\\\": {\\\"caption\\\": \\\"<p>Lorem ipsum dolor sit amet, consectetur adipiscing elit, sed do eiusmod tempor incididunt ut labore et dolore magna aliqua. Ut enim ad minim veniam, quis nostrud exercitation ullamco laboris nisi ut aliquip ex ea commodo consequat. Duis aute irure dolor in reprehenderit in voluptate velit esse cillum dolore eu fugiat nulla pariatur. Excepteur sint occaecat cupidatat non proident, sunt in culpa qui officia deserunt mollit anim id est laborum.</p>\\\", \\\"image\\\": 1}}, {\\\"type\\\": \\\"product\\\", \\\"value\\\": {\\\"caption\\\": \\\"<p>Lorem ipsum dolor sit amet, consectetur adipiscing elit, sed do eiusmod tempor incididunt ut labore et dolore magna aliqua. Ut enim ad minim veniam, quis nostrud exercitation ullamco laboris nisi ut aliquip ex ea commodo consequat. Duis aute irure dolor in reprehenderit in voluptate velit esse cillum dolore eu fugiat nulla pariatur. Excepteur sint occaecat cupidatat non proident, sunt in culpa qui officia deserunt mollit anim id est laborum.</p>\\\", \\\"image\\\": 2}}]\", \"go_live_at\": null, \"latest_revision_created_at\": \"2016-08-28T20:18:24.433Z\", \"locked\": false, \"content_type\": 2, \"search_description\": \"\", \"slug\": \"home\", \"pk\": 3, \"title\": \"3CA / CABINET COURTAGE & CONSEIL\", \"path\": \"00010001\", \"url_path\": \"/home/\", \"live\": true}",
      "approved_go_live_at": null
    }
  },
  {
    "model": "wagtailcore.pagerevision",
    "pk": 5,
    "fields": {
      "page": 3,
      "submitted_for_moderation": false,
      "created_at": "2016-08-28T21:56:32.294Z",
      "user": [
        "admin"
      ],
      "content_json": "{\"expired\": false, \"first_published_at\": \"2016-08-28T20:11:29.901Z\", \"numchild\": 0, \"depth\": 2, \"seo_title\": \"\", \"show_in_menus\": false, \"has_unpublished_changes\": true, \"expire_at\": null, \"owner\": null, \"products\": \"[{\\\"type\\\": \\\"product\\\", \\\"value\\\": {\\\"caption\\\": \\\"<p>Lorem ipsum dolor sit amet, consectetur adipiscing elit, sed do eiusmod tempor incididunt ut labore et dolore magna aliqua. Ut enim ad minim veniam, quis nostrud exercitation ullamco laboris nisi ut aliquip ex ea commodo consequat. Duis aute irure dolor in reprehenderit in voluptate velit esse cillum dolore eu fugiat nulla pariatur. Excepteur sint occaecat cupidatat non proident, sunt in culpa qui officia deserunt mollit anim id est laborum.</p>\\\", \\\"image\\\": 3}}, {\\\"type\\\": \\\"product\\\", \\\"value\\\": {\\\"caption\\\": \\\"<p>Lorem ipsum dolor sit amet, consectetur adipiscing elit, sed do eiusmod tempor incididunt ut labore et dolore magna aliqua. Ut enim ad minim veniam, quis nostrud exercitation ullamco laboris nisi ut aliquip ex ea commodo consequat. Duis aute irure dolor in reprehenderit in voluptate velit esse cillum dolore eu fugiat nulla pariatur. Excepteur sint occaecat cupidatat non proident, sunt in culpa qui officia deserunt mollit anim id est laborum.</p>\\\", \\\"image\\\": 1}}, {\\\"type\\\": \\\"product\\\", \\\"value\\\": {\\\"caption\\\": \\\"<p>Lorem ipsum dolor sit amet, consectetur adipiscing elit, sed do eiusmod tempor incididunt ut labore et dolore magna aliqua. Ut enim ad minim veniam, quis nostrud exercitation ullamco laboris nisi ut aliquip ex ea commodo consequat. Duis aute irure dolor in reprehenderit in voluptate velit esse cillum dolore eu fugiat nulla pariatur. Excepteur sint occaecat cupidatat non proident, sunt in culpa qui officia deserunt mollit anim id est laborum.</p>\\\", \\\"image\\\": 2}}]\", \"go_live_at\": null, \"latest_revision_created_at\": \"2016-08-28T21:56:29.392Z\", \"locked\": false, \"content_type\": 2, \"search_description\": \"\", \"slug\": \"home\", \"pk\": 3, \"title\": \"3CA / CABINET COURTAGE & CONSEIL\", \"path\": \"00010001\", \"url_path\": \"/home/\", \"live\": true}",
      "approved_go_live_at": null
    }
  },
  {
    "model": "wagtailcore.pagerevision",
    "pk": 6,
    "fields": {
      "page": 3,
      "submitted_for_moderation": false,
      "created_at": "2016-08-28T22:39:22.560Z",
      "user": [
        "admin"
      ],
      "content_json": "{\"expired\": false, \"pk\": 3, \"expire_at\": null, \"path\": \"00010001\", \"live\": true, \"seo_title\": \"\", \"title\": \"3CA: INSURANCE BROKER AND ADVISOR\", \"depth\": 2, \"latest_revision_created_at\": \"2016-08-28T21:56:32.294Z\", \"first_published_at\": \"2016-08-28T20:11:29.901Z\", \"has_unpublished_changes\": false, \"locked\": false, \"owner\": null, \"go_live_at\": null, \"show_in_menus\": false, \"products\": \"[{\\\"type\\\": \\\"product\\\", \\\"value\\\": {\\\"image\\\": 3, \\\"caption\\\": \\\"<p>Lorem ipsum dolor sit amet, consectetur adipiscing elit, sed do eiusmod tempor incididunt ut labore et dolore magna aliqua. Ut enim ad minim veniam, quis nostrud exercitation ullamco laboris nisi ut aliquip ex ea commodo consequat. Duis aute irure dolor in reprehenderit in voluptate velit esse cillum dolore eu fugiat nulla pariatur. Excepteur sint occaecat cupidatat non proident, sunt in culpa qui officia deserunt mollit anim id est laborum.</p>\\\"}}, {\\\"type\\\": \\\"product\\\", \\\"value\\\": {\\\"image\\\": 1, \\\"caption\\\": \\\"<p>Lorem ipsum dolor sit amet, consectetur adipiscing elit, sed do eiusmod tempor incididunt ut labore et dolore magna aliqua. Ut enim ad minim veniam, quis nostrud exercitation ullamco laboris nisi ut aliquip ex ea commodo consequat. Duis aute irure dolor in reprehenderit in voluptate velit esse cillum dolore eu fugiat nulla pariatur. Excepteur sint occaecat cupidatat non proident, sunt in culpa qui officia deserunt mollit anim id est laborum.</p>\\\"}}, {\\\"type\\\": \\\"product\\\", \\\"value\\\": {\\\"image\\\": 2, \\\"caption\\\": \\\"<p>Lorem ipsum dolor sit amet, consectetur adipiscing elit, sed do eiusmod tempor incididunt ut labore et dolore magna aliqua. Ut enim ad minim veniam, quis nostrud exercitation ullamco laboris nisi ut aliquip ex ea commodo consequat. Duis aute irure dolor in reprehenderit in voluptate velit esse cillum dolore eu fugiat nulla pariatur. Excepteur sint occaecat cupidatat non proident, sunt in culpa qui officia deserunt mollit anim id est laborum.</p>\\\"}}]\", \"numchild\": 0, \"slug\": \"home\", \"url_path\": \"/home/\", \"search_description\": \"\", \"content_type\": 2}",
      "approved_go_live_at": null
    }
  },
  {
    "model": "wagtailcore.pagerevision",
    "pk": 7,
    "fields": {
      "page": 3,
      "submitted_for_moderation": false,
      "created_at": "2016-08-28T22:40:37.832Z",
      "user": [
        "admin"
      ],
      "content_json": "{\"expired\": false, \"pk\": 3, \"expire_at\": null, \"path\": \"00010001\", \"live\": true, \"seo_title\": \"\", \"title\": \"3CA: INSURANCE BROKER AND ADVISOR\", \"depth\": 2, \"latest_revision_created_at\": \"2016-08-28T22:39:22.560Z\", \"first_published_at\": \"2016-08-28T20:11:29.901Z\", \"has_unpublished_changes\": true, \"locked\": false, \"owner\": null, \"go_live_at\": null, \"show_in_menus\": false, \"products\": \"[{\\\"type\\\": \\\"product\\\", \\\"value\\\": {\\\"image\\\": 3, \\\"caption\\\": \\\"<p>Lorem ipsum dolor sit amet, consectetur adipiscing elit, sed do eiusmod tempor incididunt ut labore et dolore magna aliqua. Ut enim ad minim veniam, quis nostrud exercitation ullamco laboris nisi ut aliquip ex ea commodo consequat. Duis aute irure dolor in reprehenderit in voluptate velit esse cillum dolore eu fugiat nulla pariatur. Excepteur sint occaecat cupidatat non proident, sunt in culpa qui officia deserunt mollit anim id est laborum.</p>\\\"}}, {\\\"type\\\": \\\"product\\\", \\\"value\\\": {\\\"image\\\": 1, \\\"caption\\\": \\\"<p>Lorem ipsum dolor sit amet, consectetur adipiscing elit, sed do eiusmod tempor incididunt ut labore et dolore magna aliqua. Ut enim ad minim veniam, quis nostrud exercitation ullamco laboris nisi ut aliquip ex ea commodo consequat. Duis aute irure dolor in reprehenderit in voluptate velit esse cillum dolore eu fugiat nulla pariatur. Excepteur sint occaecat cupidatat non proident, sunt in culpa qui officia deserunt mollit anim id est laborum.</p>\\\"}}, {\\\"type\\\": \\\"product\\\", \\\"value\\\": {\\\"image\\\": 2, \\\"caption\\\": \\\"<p>Lorem ipsum dolor sit amet, consectetur adipiscing elit, sed do eiusmod tempor incididunt ut labore et dolore magna aliqua. Ut enim ad minim veniam, quis nostrud exercitation ullamco laboris nisi ut aliquip ex ea commodo consequat. Duis aute irure dolor in reprehenderit in voluptate velit esse cillum dolore eu fugiat nulla pariatur. Excepteur sint occaecat cupidatat non proident, sunt in culpa qui officia deserunt mollit anim id est laborum.</p>\\\"}}]\", \"numchild\": 0, \"slug\": \"home\", \"url_path\": \"/home/\", \"search_description\": \"\", \"content_type\": 2}",
      "approved_go_live_at": null
    }
  },
  {
    "model": "wagtailcore.pagerevision",
    "pk": 8,
    "fields": {
      "page": 3,
      "submitted_for_moderation": false,
      "created_at": "2016-08-28T22:47:08.019Z",
      "user": [
        "admin"
      ],
      "content_json": "{\"show_in_menus\": false, \"content_type\": 2, \"latest_revision_created_at\": \"2016-08-28T22:40:37.832Z\", \"first_published_at\": \"2016-08-28T20:11:29.901Z\", \"expire_at\": null, \"search_description\": \"\", \"owner\": null, \"url_path\": \"/home/\", \"slug\": \"home\", \"has_unpublished_changes\": true, \"pk\": 3, \"title\": \"3CA: INSURANCE BROKER AND ADVISOR\", \"seo_title\": \"\", \"live\": true, \"expired\": false, \"path\": \"00010001\", \"depth\": 2, \"products\": \"[{\\\"value\\\": {\\\"caption\\\": \\\"<p>Lorem ipsum dolor sit amet, consectetur adipiscing elit, sed do eiusmod tempor incididunt ut labore et dolore magna aliqua. Ut enim ad minim veniam, quis nostrud exercitation ullamco laboris nisi ut aliquip ex ea commodo consequat. Duis aute irure dolor in reprehenderit in voluptate velit esse cillum dolore eu fugiat nulla pariatur. Excepteur sint occaecat cupidatat non proident, sunt in culpa qui officia deserunt mollit anim id est laborum.</p>\\\", \\\"image\\\": 3}, \\\"type\\\": \\\"product\\\"}, {\\\"value\\\": {\\\"caption\\\": \\\"<p>Lorem ipsum dolor sit amet, consectetur adipiscing elit, sed do eiusmod tempor incididunt ut labore et dolore magna aliqua. Ut enim ad minim veniam, quis nostrud exercitation ullamco laboris nisi ut aliquip ex ea commodo consequat. Duis aute irure dolor in reprehenderit in voluptate velit esse cillum dolore eu fugiat nulla pariatur. Excepteur sint occaecat cupidatat non proident, sunt in culpa qui officia deserunt mollit anim id est laborum.</p>\\\", \\\"image\\\": 1}, \\\"type\\\": \\\"product\\\"}, {\\\"value\\\": {\\\"caption\\\": \\\"<p>Lorem ipsum dolor sit amet, consectetur adipiscing elit, sed do eiusmod tempor incididunt ut labore et dolore magna aliqua. Ut enim ad minim veniam, quis nostrud exercitation ullamco laboris nisi ut aliquip ex ea commodo consequat. Duis aute irure dolor in reprehenderit in voluptate velit esse cillum dolore eu fugiat nulla pariatur. Excepteur sint occaecat cupidatat non proident, sunt in culpa qui officia deserunt mollit anim id est laborum.</p>\\\", \\\"image\\\": 2}, \\\"type\\\": \\\"product\\\"}]\", \"numchild\": 0, \"go_live_at\": null, \"locked\": false}",
      "approved_go_live_at": null
    }
  },
  {
    "model": "wagtailcore.pagerevision",
    "pk": 9,
    "fields": {
      "page": 3,
      "submitted_for_moderation": false,
      "created_at": "2016-08-28T22:47:20.662Z",
      "user": [
        "admin"
      ],
      "content_json": "{\"show_in_menus\": false, \"content_type\": 2, \"latest_revision_created_at\": \"2016-08-28T22:47:08.019Z\", \"first_published_at\": \"2016-08-28T20:11:29.901Z\", \"expire_at\": null, \"search_description\": \"\", \"owner\": null, \"url_path\": \"/home/\", \"slug\": \"home\", \"has_unpublished_changes\": true, \"pk\": 3, \"title\": \"3CA: INSURANCE BROKER AND ADVISOR\", \"seo_title\": \"\", \"live\": true, \"expired\": false, \"path\": \"00010001\", \"depth\": 2, \"products\": \"[{\\\"value\\\": {\\\"caption\\\": \\\"<p>Lorem ipsum dolor sit amet, consectetur adipiscing elit, sed do eiusmod tempor incididunt ut labore et dolore magna aliqua. Ut enim ad minim veniam, quis nostrud exercitation ullamco laboris nisi ut aliquip ex ea commodo consequat. Duis aute irure dolor in reprehenderit in voluptate velit esse cillum dolore eu fugiat nulla pariatur. Excepteur sint occaecat cupidatat non proident, sunt in culpa qui officia deserunt mollit anim id est laborum.</p>\\\", \\\"image\\\": 3}, \\\"type\\\": \\\"product\\\"}, {\\\"value\\\": {\\\"caption\\\": \\\"<p>Lorem ipsum dolor sit amet, consectetur adipiscing elit, sed do eiusmod tempor incididunt ut labore et dolore magna aliqua. Ut enim ad minim veniam, quis nostrud exercitation ullamco laboris nisi ut aliquip ex ea commodo consequat. Duis aute irure dolor in reprehenderit in voluptate velit esse cillum dolore eu fugiat nulla pariatur. Excepteur sint occaecat cupidatat non proident, sunt in culpa qui officia deserunt mollit anim id est laborum.</p>\\\", \\\"image\\\": 1}, \\\"type\\\": \\\"product\\\"}, {\\\"value\\\": {\\\"caption\\\": \\\"<p>Lorem ipsum dolor sit amet, consectetur adipiscing elit, sed do eiusmod tempor incididunt ut labore et dolore magna aliqua. Ut enim ad minim veniam, quis nostrud exercitation ullamco laboris nisi ut aliquip ex ea commodo consequat. Duis aute irure dolor in reprehenderit in voluptate velit esse cillum dolore eu fugiat nulla pariatur. Excepteur sint occaecat cupidatat non proident, sunt in culpa qui officia deserunt mollit anim id est laborum.</p>\\\", \\\"image\\\": 2}, \\\"type\\\": \\\"product\\\"}]\", \"numchild\": 0, \"go_live_at\": null, \"locked\": false}",
      "approved_go_live_at": null
    }
  },
  {
    "model": "wagtailcore.pagerevision",
    "pk": 14,
    "fields": {
      "page": 3,
      "submitted_for_moderation": false,
      "created_at": "2016-08-30T22:25:29.589Z",
      "user": [
        "admin"
      ],
      "content_json": "{\"depth\": 2, \"search_description\": \"\", \"locked\": false, \"latest_revision_created_at\": \"2016-08-28T22:47:20.662Z\", \"slug\": \"home\", \"go_live_at\": null, \"has_unpublished_changes\": false, \"path\": \"00010001\", \"expire_at\": null, \"numchild\": 1, \"live\": true, \"seo_title\": \"\", \"expired\": false, \"title\": \"3CA: INSURANCE BROKER AND ADVISOR\", \"url_path\": \"/home/\", \"products\": \"[]\", \"pk\": 3, \"show_in_menus\": false, \"content_type\": 2, \"owner\": null, \"first_published_at\": \"2016-08-28T20:11:29.901Z\"}",
      "approved_go_live_at": null
    }
  },
  {
    "model": "wagtailcore.pagerevision",
    "pk": 15,
    "fields": {
      "page": 3,
      "submitted_for_moderation": false,
      "created_at": "2016-08-30T22:28:23.922Z",
      "user": [
        "admin"
      ],
      "content_json": "{\"has_unpublished_changes\": true, \"title\": \"3CA: INSURANCE BROKER AND ADVISOR\", \"expire_at\": null, \"locked\": false, \"show_in_menus\": false, \"content_type\": 2, \"expired\": false, \"first_published_at\": \"2016-08-28T20:11:29.901Z\", \"live\": true, \"owner\": null, \"latest_revision_created_at\": \"2016-08-30T22:25:29.589Z\", \"go_live_at\": null, \"depth\": 2, \"seo_title\": \"\", \"products\": \"[{\\\"type\\\": \\\"product\\\", \\\"value\\\": {\\\"caption\\\": \\\"<p>Assurance local professionel</p>\\\", \\\"image\\\": 6}}, {\\\"type\\\": \\\"product\\\", \\\"value\\\": {\\\"caption\\\": \\\"<p>Assurance auto</p>\\\", \\\"image\\\": 5}}, {\\\"type\\\": \\\"product\\\", \\\"value\\\": {\\\"caption\\\": \\\"<p>Assurance habitation</p>\\\", \\\"image\\\": 4}}]\", \"search_description\": \"\", \"slug\": \"home\", \"pk\": 3, \"url_path\": \"/home/\", \"path\": \"00010001\", \"numchild\": 1}",
      "approved_go_live_at": null
    }
  },
  {
    "model": "wagtailcore.pagerevision",
    "pk": 16,
    "fields": {
      "page": 3,
      "submitted_for_moderation": false,
      "created_at": "2016-08-30T22:28:40.936Z",
      "user": [
        "admin"
      ],
      "content_json": "{\"has_unpublished_changes\": true, \"title\": \"3CA: INSURANCE BROKER AND ADVISOR\", \"expire_at\": null, \"locked\": false, \"show_in_menus\": false, \"content_type\": 2, \"expired\": false, \"first_published_at\": \"2016-08-28T20:11:29.901Z\", \"live\": true, \"owner\": null, \"latest_revision_created_at\": \"2016-08-30T22:28:23.922Z\", \"go_live_at\": null, \"depth\": 2, \"seo_title\": \"\", \"products\": \"[{\\\"type\\\": \\\"product\\\", \\\"value\\\": {\\\"caption\\\": \\\"<p>Assurance local professionel</p>\\\", \\\"image\\\": 6}}, {\\\"type\\\": \\\"product\\\", \\\"value\\\": {\\\"caption\\\": \\\"<p>Assurance auto</p>\\\", \\\"image\\\": 5}}, {\\\"type\\\": \\\"product\\\", \\\"value\\\": {\\\"caption\\\": \\\"<p>Assurance habitation</p>\\\", \\\"image\\\": 4}}]\", \"search_description\": \"\", \"slug\": \"home\", \"pk\": 3, \"url_path\": \"/home/\", \"path\": \"00010001\", \"numchild\": 1}",
      "approved_go_live_at": null
    }
  },
  {
    "model": "wagtailcore.pagerevision",
    "pk": 17,
    "fields": {
      "page": 3,
      "submitted_for_moderation": false,
      "created_at": "2016-08-30T22:41:32.144Z",
      "user": [
        "admin"
      ],
      "content_json": "{\"depth\": 2, \"latest_revision_created_at\": \"2016-08-30T22:28:40.936Z\", \"title\": \"3CA: INSURANCE BROKER AND ADVISOR\", \"url_path\": \"/home/\", \"go_live_at\": null, \"content_type\": 2, \"expire_at\": null, \"live\": true, \"numchild\": 1, \"path\": \"00010001\", \"locked\": false, \"has_unpublished_changes\": false, \"seo_title\": \"\", \"expired\": false, \"products\": \"[{\\\"type\\\": \\\"product\\\", \\\"value\\\": {\\\"caption\\\": \\\"Assurance local professionel\\\", \\\"image\\\": 6, \\\"description\\\": \\\"Venez assurer en toute confiance chez nous vos locaux professionnels\\\"}}, {\\\"type\\\": \\\"product\\\", \\\"value\\\": {\\\"caption\\\": \\\"Assurance auto\\\", \\\"image\\\": 5, \\\"description\\\": \\\"N'h\\\\u00e9sitez plus, souscrivez \\\\u00e0 notre offre assurance autos pour particuliers\\\"}}, {\\\"type\\\": \\\"product\\\", \\\"value\\\": {\\\"caption\\\": \\\"Assurance habitation\\\", \\\"image\\\": 4, \\\"description\\\": \\\"Avec nous, votre bien le plus pr\\\\u00e9cieux est entre de bonnes mains\\\"}}]\", \"pk\": 3, \"slug\": \"home\", \"owner\": null, \"show_in_menus\": false, \"search_description\": \"\", \"first_published_at\": \"2016-08-28T20:11:29.901Z\"}",
      "approved_go_live_at": null
    }
  },
  {
    "model": "wagtailcore.pagerevision",
    "pk": 18,
    "fields": {
      "page": 3,
      "submitted_for_moderation": false,
      "created_at": "2016-08-30T22:48:27.272Z",
      "user": [
        "admin"
      ],
      "content_json": "{\"depth\": 2, \"latest_revision_created_at\": \"2016-08-30T22:41:32.144Z\", \"title\": \"3CA: INSURANCE BROKER AND ADVISOR\", \"url_path\": \"/home/\", \"go_live_at\": null, \"content_type\": 2, \"expire_at\": null, \"live\": true, \"numchild\": 1, \"path\": \"00010001\", \"locked\": false, \"has_unpublished_changes\": true, \"seo_title\": \"\", \"expired\": false, \"products\": \"[{\\\"type\\\": \\\"product\\\", \\\"value\\\": {\\\"caption\\\": \\\"Assurance local professionel\\\", \\\"image\\\": 6, \\\"description\\\": \\\"Venez assurer en toute confiance chez nous vos locaux professionnels\\\"}}, {\\\"type\\\": \\\"product\\\", \\\"value\\\": {\\\"caption\\\": \\\"Assurance auto\\\", \\\"image\\\": 8, \\\"description\\\": \\\"N'h\\\\u00e9sitez plus, souscrivez \\\\u00e0 notre offre assurance autos pour particuliers\\\"}}, {\\\"type\\\": \\\"product\\\", \\\"value\\\": {\\\"caption\\\": \\\"Assurance habitation\\\", \\\"image\\\": 4, \\\"description\\\": \\\"Avec nous, votre bien le plus pr\\\\u00e9cieux est entre de bonnes mains\\\"}}]\", \"pk\": 3, \"slug\": \"home\", \"owner\": null, \"show_in_menus\": false, \"search_description\": \"\", \"first_published_at\": \"2016-08-28T20:11:29.901Z\"}",
      "approved_go_live_at": null
    }
  },
  {
    "model": "wagtailcore.pagerevision",
    "pk": 19,
    "fields": {
      "page": 3,
      "submitted_for_moderation": false,
      "created_at": "2016-08-30T22:49:16.840Z",
      "user": [
        "admin"
      ],
      "content_json": "{\"depth\": 2, \"latest_revision_created_at\": \"2016-08-30T22:48:27.272Z\", \"title\": \"3CA: INSURANCE BROKER AND ADVISOR\", \"url_path\": \"/home/\", \"go_live_at\": null, \"content_type\": 2, \"expire_at\": null, \"live\": true, \"numchild\": 1, \"path\": \"00010001\", \"locked\": false, \"has_unpublished_changes\": true, \"seo_title\": \"\", \"expired\": false, \"products\": \"[{\\\"type\\\": \\\"product\\\", \\\"value\\\": {\\\"caption\\\": \\\"Assurance local professionel\\\", \\\"image\\\": 6, \\\"description\\\": \\\"Venez assurer en toute confiance chez nous vos locaux professionnels\\\"}}, {\\\"type\\\": \\\"product\\\", \\\"value\\\": {\\\"caption\\\": \\\"Assurance automobile\\\", \\\"image\\\": 8, \\\"description\\\": \\\"N'h\\\\u00e9sitez plus, souscrivez \\\\u00e0 notre offre assurance autos pour particuliers\\\"}}, {\\\"type\\\": \\\"product\\\", \\\"value\\\": {\\\"caption\\\": \\\"Assurance habitation\\\", \\\"image\\\": 4, \\\"description\\\": \\\"Avec nous, votre bien le plus pr\\\\u00e9cieux est entre de bonnes mains\\\"}}]\", \"pk\": 3, \"slug\": \"home\", \"owner\": null, \"show_in_menus\": false, \"search_description\": \"\", \"first_published_at\": \"2016-08-28T20:11:29.901Z\"}",
      "approved_go_live_at": null
    }
  },
  {
    "model": "wagtailcore.pagerevision",
    "pk": 20,
    "fields": {
      "page": 3,
      "submitted_for_moderation": false,
      "created_at": "2016-08-30T22:49:30.768Z",
      "user": [
        "admin"
      ],
      "content_json": "{\"depth\": 2, \"latest_revision_created_at\": \"2016-08-30T22:49:16.840Z\", \"title\": \"3CA: INSURANCE BROKER AND ADVISOR\", \"url_path\": \"/home/\", \"go_live_at\": null, \"content_type\": 2, \"expire_at\": null, \"live\": true, \"numchild\": 1, \"path\": \"00010001\", \"locked\": false, \"has_unpublished_changes\": true, \"seo_title\": \"\", \"expired\": false, \"products\": \"[{\\\"type\\\": \\\"product\\\", \\\"value\\\": {\\\"caption\\\": \\\"Assurance local professionel\\\", \\\"image\\\": 6, \\\"description\\\": \\\"Venez assurer en toute confiance chez nous vos locaux professionnels\\\"}}, {\\\"type\\\": \\\"product\\\", \\\"value\\\": {\\\"caption\\\": \\\"Assurance automobile\\\", \\\"image\\\": 8, \\\"description\\\": \\\"N'h\\\\u00e9sitez plus, souscrivez \\\\u00e0 notre offre assurance autos pour particuliers\\\"}}, {\\\"type\\\": \\\"product\\\", \\\"value\\\": {\\\"caption\\\": \\\"Assurance habitation\\\", \\\"image\\\": 4, \\\"description\\\": \\\"Avec nous, votre bien le plus pr\\\\u00e9cieux est entre de bonnes mains\\\"}}]\", \"pk\": 3, \"slug\": \"home\", \"owner\": null, \"show_in_menus\": false, \"search_description\": \"\", \"first_published_at\": \"2016-08-28T20:11:29.901Z\"}",
      "approved_go_live_at": null
    }
  },
  {
    "model": "wagtailcore.pagerevision",
    "pk": 21,
    "fields": {
      "page": 3,
      "submitted_for_moderation": false,
      "created_at": "2016-08-30T22:51:34.936Z",
      "user": [
        "admin"
      ],
      "content_json": "{\"depth\": 2, \"latest_revision_created_at\": \"2016-08-30T22:49:30.768Z\", \"title\": \"3CA: INSURANCE BROKER AND ADVISOR\", \"url_path\": \"/home/\", \"go_live_at\": null, \"content_type\": 2, \"expire_at\": null, \"live\": true, \"numchild\": 1, \"path\": \"00010001\", \"locked\": false, \"has_unpublished_changes\": false, \"seo_title\": \"\", \"expired\": false, \"products\": \"[{\\\"type\\\": \\\"product\\\", \\\"value\\\": {\\\"caption\\\": \\\"Assurance local professionel\\\", \\\"image\\\": 6, \\\"description\\\": \\\"Venez assurer en toute confiance chez nous vos locaux professionnels\\\"}}, {\\\"type\\\": \\\"product\\\", \\\"value\\\": {\\\"caption\\\": \\\"Assurance automobile\\\", \\\"image\\\": 8, \\\"description\\\": \\\"N'h\\\\u00e9sitez plus, souscrivez \\\\u00e0 notre offre assurance automobile\\\"}}, {\\\"type\\\": \\\"product\\\", \\\"value\\\": {\\\"caption\\\": \\\"Assurance habitation\\\", \\\"image\\\": 4, \\\"description\\\": \\\"Avec nous, votre bien le plus pr\\\\u00e9cieux est entre de bonnes mains\\\"}}]\", \"pk\": 3, \"slug\": \"home\", \"owner\": null, \"show_in_menus\": false, \"search_description\": \"\", \"first_published_at\": \"2016-08-28T20:11:29.901Z\"}",
      "approved_go_live_at": null
    }
  },
  {
    "model": "wagtailcore.pagerevision",
    "pk": 22,
    "fields": {
      "page": 3,
      "submitted_for_moderation": false,
      "created_at": "2016-08-30T22:51:37.742Z",
      "user": [
        "admin"
      ],
      "content_json": "{\"depth\": 2, \"latest_revision_created_at\": \"2016-08-30T22:51:34.936Z\", \"title\": \"3CA: INSURANCE BROKER AND ADVISOR\", \"url_path\": \"/home/\", \"go_live_at\": null, \"content_type\": 2, \"expire_at\": null, \"live\": true, \"numchild\": 1, \"path\": \"00010001\", \"locked\": false, \"has_unpublished_changes\": true, \"seo_title\": \"\", \"expired\": false, \"products\": \"[{\\\"type\\\": \\\"product\\\", \\\"value\\\": {\\\"caption\\\": \\\"Assurance local professionel\\\", \\\"image\\\": 6, \\\"description\\\": \\\"Venez assurer en toute confiance chez nous vos locaux professionnels\\\"}}, {\\\"type\\\": \\\"product\\\", \\\"value\\\": {\\\"caption\\\": \\\"Assurance automobile\\\", \\\"image\\\": 8, \\\"description\\\": \\\"N'h\\\\u00e9sitez plus, souscrivez \\\\u00e0 notre offre assurance automobile\\\"}}, {\\\"type\\\": \\\"product\\\", \\\"value\\\": {\\\"caption\\\": \\\"Assurance habitation\\\", \\\"image\\\": 4, \\\"description\\\": \\\"Avec nous, votre bien le plus pr\\\\u00e9cieux est entre de bonnes mains\\\"}}]\", \"pk\": 3, \"slug\": \"home\", \"owner\": null, \"show_in_menus\": false, \"search_description\": \"\", \"first_published_at\": \"2016-08-28T20:11:29.901Z\"}",
      "approved_go_live_at": null
    }
  },
  {
    "model": "wagtailcore.pagerevision",
    "pk": 23,
    "fields": {
      "page": 3,
      "submitted_for_moderation": false,
      "created_at": "2016-08-30T23:08:18.406Z",
      "user": [
        "admin"
      ],
      "content_json": "{\"title\": \"3CA: INSURANCE BROKER AND ADVISOR\", \"products\": \"[{\\\"type\\\": \\\"product\\\", \\\"value\\\": {\\\"caption\\\": \\\"Office insurance\\\", \\\"image\\\": 6, \\\"description\\\": \\\"Protect your office buildings with us\\\"}}, {\\\"type\\\": \\\"product\\\", \\\"value\\\": {\\\"caption\\\": \\\"Vehicle insurance\\\", \\\"image\\\": 8, \\\"description\\\": \\\"Protect your vehicle with the best available insurance\\\"}}, {\\\"type\\\": \\\"product\\\", \\\"value\\\": {\\\"caption\\\": \\\"Property insurance\\\", \\\"image\\\": 4, \\\"description\\\": \\\"Provide the best available protection to your most precious goods\\\"}}]\", \"seo_title\": \"\", \"depth\": 2, \"numchild\": 1, \"expire_at\": null, \"has_unpublished_changes\": false, \"first_published_at\": \"2016-08-28T20:11:29.901Z\", \"slug\": \"home\", \"path\": \"00010001\", \"go_live_at\": null, \"pk\": 3, \"locked\": false, \"search_description\": \"\", \"owner\": null, \"live\": true, \"latest_revision_created_at\": \"2016-08-30T22:51:37.742Z\", \"expired\": false, \"url_path\": \"/home/\", \"content_type\": 2, \"show_in_menus\": false}",
      "approved_go_live_at": null
    }
  },
  {
    "model": "wagtailcore.pagerevision",
    "pk": 24,
    "fields": {
      "page": 3,
      "submitted_for_moderation": false,
      "created_at": "2016-08-30T23:09:14.477Z",
      "user": [
        "admin"
      ],
      "content_json": "{\"title\": \"3CA: INSURANCE BROKER AND ADVISOR\", \"products\": \"[{\\\"type\\\": \\\"product\\\", \\\"value\\\": {\\\"caption\\\": \\\"Office insurance\\\", \\\"image\\\": 6, \\\"description\\\": \\\"Protect your office buildings with us\\\"}}, {\\\"type\\\": \\\"product\\\", \\\"value\\\": {\\\"caption\\\": \\\"Vehicle insurance\\\", \\\"image\\\": 8, \\\"description\\\": \\\"Protect your vehicle with the best available insurance\\\"}}, {\\\"type\\\": \\\"product\\\", \\\"value\\\": {\\\"caption\\\": \\\"Property insurance\\\", \\\"image\\\": 4, \\\"description\\\": \\\"Provide the best available protection to your most precious goods\\\"}}]\", \"seo_title\": \"\", \"depth\": 2, \"numchild\": 1, \"expire_at\": null, \"has_unpublished_changes\": true, \"first_published_at\": \"2016-08-28T20:11:29.901Z\", \"slug\": \"home\", \"path\": \"00010001\", \"go_live_at\": null, \"pk\": 3, \"locked\": false, \"search_description\": \"\", \"owner\": null, \"live\": true, \"latest_revision_created_at\": \"2016-08-30T23:08:18.406Z\", \"expired\": false, \"url_path\": \"/home/\", \"content_type\": 2, \"show_in_menus\": false}",
      "approved_go_live_at": null
    }
  },
  {
    "model": "wagtailcore.pagerevision",
    "pk": 25,
    "fields": {
      "page": 3,
      "submitted_for_moderation": false,
      "created_at": "2016-08-30T23:12:55.337Z",
      "user": [
        "admin"
      ],
      "content_json": "{\"title\": \"3CA: INSURANCE BROKER AND ADVISOR\", \"products\": \"[{\\\"type\\\": \\\"product\\\", \\\"value\\\": {\\\"caption\\\": \\\"Office insurance\\\", \\\"image\\\": 6, \\\"description\\\": \\\"Protect your office buildings with us\\\"}}, {\\\"type\\\": \\\"product\\\", \\\"value\\\": {\\\"caption\\\": \\\"Vehicle insurance\\\", \\\"image\\\": 8, \\\"description\\\": \\\"Protect your vehicle with the best available insurance\\\"}}, {\\\"type\\\": \\\"product\\\", \\\"value\\\": {\\\"caption\\\": \\\"Property insurance\\\", \\\"image\\\": 9, \\\"description\\\": \\\"Provide the best available protection to your most precious goods\\\"}}]\", \"seo_title\": \"\", \"depth\": 2, \"numchild\": 1, \"expire_at\": null, \"has_unpublished_changes\": false, \"first_published_at\": \"2016-08-28T20:11:29.901Z\", \"slug\": \"home\", \"path\": \"00010001\", \"go_live_at\": null, \"pk\": 3, \"locked\": false, \"search_description\": \"\", \"owner\": null, \"live\": true, \"latest_revision_created_at\": \"2016-08-30T23:09:14.477Z\", \"expired\": false, \"url_path\": \"/home/\", \"content_type\": 2, \"show_in_menus\": false}",
      "approved_go_live_at": null
    }
  },
  {
    "model": "wagtailcore.pagerevision",
    "pk": 26,
    "fields": {
      "page": 3,
      "submitted_for_moderation": false,
      "created_at": "2016-08-30T23:15:38.505Z",
      "user": [
        "admin"
      ],
      "content_json": "{\"title\": \"3CA: INSURANCE BROKER AND ADVISOR\", \"products\": \"[{\\\"type\\\": \\\"product\\\", \\\"value\\\": {\\\"caption\\\": \\\"Office insurance\\\", \\\"image\\\": 6, \\\"description\\\": \\\"Protect your office buildings with us\\\"}}, {\\\"type\\\": \\\"product\\\", \\\"value\\\": {\\\"caption\\\": \\\"Vehicle insurance\\\", \\\"image\\\": 8, \\\"description\\\": \\\"Protect your vehicle with the best available insurance\\\"}}, {\\\"type\\\": \\\"product\\\", \\\"value\\\": {\\\"caption\\\": \\\"Property insurance\\\", \\\"image\\\": 9, \\\"description\\\": \\\"Provide the best available protection to your most precious goods\\\"}}]\", \"seo_title\": \"\", \"depth\": 2, \"numchild\": 1, \"expire_at\": null, \"has_unpublished_changes\": false, \"first_published_at\": \"2016-08-28T20:11:29.901Z\", \"slug\": \"home\", \"path\": \"00010001\", \"go_live_at\": null, \"pk\": 3, \"locked\": false, \"search_description\": \"\", \"owner\": null, \"live\": true, \"latest_revision_created_at\": \"2016-08-30T23:12:55.337Z\", \"expired\": false, \"url_path\": \"/home/\", \"content_type\": 2, \"show_in_menus\": true}",
      "approved_go_live_at": null
    }
  },
  {
    "model": "wagtailcore.pagerevision",
    "pk": 27,
    "fields": {
      "page": 3,
      "submitted_for_moderation": false,
      "created_at": "2016-08-30T23:16:04.549Z",
      "user": [
        "admin"
      ],
      "content_json": "{\"title\": \"3CA: INSURANCE BROKER AND ADVISOR\", \"products\": \"[{\\\"type\\\": \\\"product\\\", \\\"value\\\": {\\\"caption\\\": \\\"Office insurance\\\", \\\"image\\\": 6, \\\"description\\\": \\\"Protect your office buildings with us\\\"}}, {\\\"type\\\": \\\"product\\\", \\\"value\\\": {\\\"caption\\\": \\\"Vehicle insurance\\\", \\\"image\\\": 8, \\\"description\\\": \\\"Protect your vehicle with the best available insurance\\\"}}, {\\\"type\\\": \\\"product\\\", \\\"value\\\": {\\\"caption\\\": \\\"Property insurance\\\", \\\"image\\\": 9, \\\"description\\\": \\\"Provide the best available protection to your most precious goods\\\"}}]\", \"seo_title\": \"\", \"depth\": 2, \"numchild\": 1, \"expire_at\": null, \"has_unpublished_changes\": false, \"first_published_at\": \"2016-08-28T20:11:29.901Z\", \"slug\": \"home\", \"path\": \"00010001\", \"go_live_at\": null, \"pk\": 3, \"locked\": false, \"search_description\": \"\", \"owner\": null, \"live\": true, \"latest_revision_created_at\": \"2016-08-30T23:15:38.505Z\", \"expired\": false, \"url_path\": \"/home/\", \"content_type\": 2, \"show_in_menus\": false}",
      "approved_go_live_at": null
    }
  },
  {
    "model": "wagtailcore.pagerevision",
    "pk": 28,
    "fields": {
      "page": 3,
      "submitted_for_moderation": false,
      "created_at": "2016-08-31T00:03:09.480Z",
      "user": [
        "admin"
      ],
      "content_json": "{\"title\": \"3CA: INSURANCE BROKER AND ADVISOR\", \"first_published_at\": \"2016-08-28T20:11:29.901Z\", \"expired\": false, \"locked\": false, \"seo_title\": \"\", \"products\": \"[{\\\"type\\\": \\\"product\\\", \\\"value\\\": {\\\"caption_fr\\\": \\\"Assurance local professionnel\\\", \\\"caption_en\\\": \\\"Office insurance\\\", \\\"image\\\": 6, \\\"description_fr\\\": \\\"Prot\\\\u00e9gez vos locaux professionnels chez nous\\\", \\\"description_en\\\": \\\"Protect your office buildings with us\\\"}}, {\\\"type\\\": \\\"product\\\", \\\"value\\\": {\\\"caption_fr\\\": \\\"Assurance automobile\\\", \\\"caption_en\\\": \\\"Vehicle insurance\\\", \\\"image\\\": 8, \\\"description_fr\\\": \\\"Prot\\\\u00e9gez votre v\\\\u00e9hicule avec la meilleure assurance disponible\\\", \\\"description_en\\\": \\\"Protect your vehicle with the best available insurance\\\"}}, {\\\"type\\\": \\\"product\\\", \\\"value\\\": {\\\"caption_fr\\\": \\\"Assurance habitation\\\", \\\"caption_en\\\": \\\"Property insurance\\\", \\\"image\\\": 9, \\\"description_fr\\\": \\\"Fournissez la meilleure protection disponible \\\\u00e0 votre bien le plus pr\\\\u00e9cieux\\\", \\\"description_en\\\": \\\"Provide the best available protection to your most precious goods\\\"}}]\", \"expire_at\": null, \"owner\": null, \"depth\": 2, \"slug\": \"home\", \"show_in_menus\": false, \"pk\": 3, \"live\": true, \"url_path\": \"/home/\", \"numchild\": 1, \"search_description\": \"\", \"go_live_at\": null, \"has_unpublished_changes\": false, \"latest_revision_created_at\": \"2016-08-30T23:16:04.549Z\", \"content_type\": 2, \"path\": \"00010001\"}",
      "approved_go_live_at": null
    }
  },
  {
    "model": "wagtailcore.pagerevision",
    "pk": 29,
    "fields": {
      "page": 3,
      "submitted_for_moderation": false,
      "created_at": "2016-08-31T00:24:51.819Z",
      "user": [
        "admin"
      ],
      "content_json": "{\"show_in_menus\": false, \"slug\": \"home\", \"locked\": false, \"numchild\": 1, \"products\": \"[{\\\"value\\\": {\\\"description_fr\\\": \\\"Prot\\\\u00e9gez vos locaux professionnels chez nous\\\", \\\"caption_en\\\": \\\"Office insurance\\\", \\\"image\\\": 6, \\\"description_en\\\": \\\"Protect your office buildings with us\\\", \\\"caption_fr\\\": \\\"Assurance local professionnel\\\"}, \\\"type\\\": \\\"product\\\"}, {\\\"value\\\": {\\\"description_fr\\\": \\\"Prot\\\\u00e9gez votre v\\\\u00e9hicule avec la meilleure assurance disponible\\\", \\\"caption_en\\\": \\\"Vehicle insurance\\\", \\\"image\\\": 8, \\\"description_en\\\": \\\"Protect your vehicle with the best available insurance\\\", \\\"caption_fr\\\": \\\"Assurance automobile\\\"}, \\\"type\\\": \\\"product\\\"}, {\\\"value\\\": {\\\"description_fr\\\": \\\"Fournissez la meilleure protection disponible \\\\u00e0 votre bien le plus pr\\\\u00e9cieux\\\", \\\"caption_en\\\": \\\"Property insurance\\\", \\\"image\\\": 9, \\\"description_en\\\": \\\"Provide the best available protection to your most precious goods\\\", \\\"caption_fr\\\": \\\"Assurance habitation\\\"}, \\\"type\\\": \\\"product\\\"}]\", \"expired\": false, \"content_type\": 2, \"seo_title\": \"\", \"search_description\": \"\", \"first_published_at\": \"2016-08-28T20:11:29.901Z\", \"title\": \"3CA: INSURANCE BROKER AND ADVISOR\", \"has_unpublished_changes\": true, \"owner\": null, \"latest_revision_created_at\": \"2016-08-31T00:03:09.480Z\", \"expire_at\": null, \"path\": \"00010001\", \"go_live_at\": null, \"live\": true, \"url_path\": \"/home/\", \"pk\": 3, \"depth\": 2}",
      "approved_go_live_at": null
    }
  },
  {
    "model": "wagtailcore.pagerevision",
    "pk": 30,
    "fields": {
      "page": 3,
      "submitted_for_moderation": false,
      "created_at": "2016-09-07T22:19:27.859Z",
      "user": [
        "admin"
      ],
      "content_json": "{\"expired\": false, \"title\": \"3CA: INSURANCE BROKER AND ADVISOR\", \"content_type\": 2, \"go_live_at\": null, \"url_path\": \"/home/\", \"pk\": 3, \"locked\": false, \"owner\": null, \"show_in_menus\": false, \"numchild\": 1, \"latest_revision_created_at\": \"2016-08-31T00:24:51.819Z\", \"first_published_at\": \"2016-08-28T20:11:29.901Z\", \"slug\": \"home\", \"live\": true, \"path\": \"00010001\", \"search_description\": \"\", \"products\": \"[{\\\"type\\\": \\\"product\\\", \\\"value\\\": {\\\"description_en\\\": \\\"Fire, theft, water damage, broken glass...\\\", \\\"image\\\": 6, \\\"caption_fr\\\": \\\"Dommages aux biens\\\", \\\"description_fr\\\": \\\"Incendie, vol, d\\\\u00e9g\\\\u00e2t des eaux, bris de glace....\\\", \\\"caption_en\\\": \\\"Damage to goods\\\"}}, {\\\"type\\\": \\\"product\\\", \\\"value\\\": {\\\"description_en\\\": \\\"Machinery breakdown, IT risks\\\", \\\"image\\\": 10, \\\"caption_fr\\\": \\\"Risques techniques\\\", \\\"description_fr\\\": \\\"Bris de machine, risques informatiques\\\", \\\"caption_en\\\": \\\"Technical risks\\\"}}, {\\\"type\\\": \\\"product\\\", \\\"value\\\": {\\\"description_en\\\": \\\"Operating losses after fire and machinery breakdown\\\", \\\"image\\\": 11, \\\"caption_fr\\\": \\\"Pertes financi\\\\u00e8res\\\", \\\"description_fr\\\": \\\"Perte d'exploitation apr\\\\u00e8s bris de machine\\\", \\\"caption_en\\\": \\\"Financial losses\\\"}}, {\\\"type\\\": \\\"product\\\", \\\"value\\\": {\\\"description_en\\\": \\\"All categories\\\", \\\"image\\\": 8, \\\"caption_fr\\\": \\\"Automobile\\\", \\\"description_fr\\\": \\\"Toutes cat\\\\u00e9gories\\\", \\\"caption_en\\\": \\\"Vehicle\\\"}}, {\\\"type\\\": \\\"product\\\", \\\"value\\\": {\\\"description_en\\\": \\\"Naval and aerial\\\", \\\"image\\\": 12, \\\"caption_fr\\\": \\\"Transport\\\", \\\"description_fr\\\": \\\"Maritime et a\\\\u00e9rien\\\", \\\"caption_en\\\": \\\"Transport\\\"}}, {\\\"type\\\": \\\"product\\\", \\\"value\\\": {\\\"description_en\\\": \\\"Death and retirement benefits\\\", \\\"image\\\": 13, \\\"caption_fr\\\": \\\"Assurance vie\\\", \\\"description_fr\\\": \\\"D\\\\u00e9c\\\\u00e8s et retraite\\\", \\\"caption_en\\\": \\\"Life insurance\\\"}}, {\\\"type\\\": \\\"product\\\", \\\"value\\\": {\\\"description_en\\\": \\\"Public liability\\\", \\\"image\\\": 14, \\\"caption_fr\\\": \\\"Responsabilit\\\\u00e9s civiles\\\", \\\"description_fr\\\": \\\"Responsabilit\\\\u00e9s civiles\\\", \\\"caption_en\\\": \\\"Public liability\\\"}}, {\\\"type\\\": \\\"product\\\", \\\"value\\\": {\\\"description_en\\\": \\\"Health insurance and individual accident\\\", \\\"image\\\": 15, \\\"caption_fr\\\": \\\"Dommages corporels\\\", \\\"description_fr\\\": \\\"Maladie et accident individuel\\\", \\\"caption_en\\\": \\\"Physical damage\\\"}}]\", \"has_unpublished_changes\": false, \"depth\": 2, \"seo_title\": \"\", \"expire_at\": null}",
      "approved_go_live_at": null
    }
  },
  {
    "model": "wagtailcore.pagerevision",
    "pk": 31,
    "fields": {
      "page": 3,
      "submitted_for_moderation": false,
      "created_at": "2016-09-07T22:19:33.325Z",
      "user": [
        "admin"
      ],
      "content_json": "{\"expired\": false, \"title\": \"3CA: INSURANCE BROKER AND ADVISOR\", \"content_type\": 2, \"go_live_at\": null, \"url_path\": \"/home/\", \"pk\": 3, \"locked\": false, \"owner\": null, \"show_in_menus\": false, \"numchild\": 1, \"latest_revision_created_at\": \"2016-09-07T22:19:27.859Z\", \"first_published_at\": \"2016-08-28T20:11:29.901Z\", \"slug\": \"home\", \"live\": true, \"path\": \"00010001\", \"search_description\": \"\", \"products\": \"[{\\\"type\\\": \\\"product\\\", \\\"value\\\": {\\\"description_en\\\": \\\"Fire, theft, water damage, broken glass...\\\", \\\"image\\\": 6, \\\"caption_fr\\\": \\\"Dommages aux biens\\\", \\\"description_fr\\\": \\\"Incendie, vol, d\\\\u00e9g\\\\u00e2t des eaux, bris de glace....\\\", \\\"caption_en\\\": \\\"Damage to goods\\\"}}, {\\\"type\\\": \\\"product\\\", \\\"value\\\": {\\\"description_en\\\": \\\"Machinery breakdown, IT risks\\\", \\\"image\\\": 10, \\\"caption_fr\\\": \\\"Risques techniques\\\", \\\"description_fr\\\": \\\"Bris de machine, risques informatiques\\\", \\\"caption_en\\\": \\\"Technical risks\\\"}}, {\\\"type\\\": \\\"product\\\", \\\"value\\\": {\\\"description_en\\\": \\\"Operating losses after fire and machinery breakdown\\\", \\\"image\\\": 11, \\\"caption_fr\\\": \\\"Pertes financi\\\\u00e8res\\\", \\\"description_fr\\\": \\\"Perte d'exploitation apr\\\\u00e8s bris de machine\\\", \\\"caption_en\\\": \\\"Financial losses\\\"}}, {\\\"type\\\": \\\"product\\\", \\\"value\\\": {\\\"description_en\\\": \\\"All categories\\\", \\\"image\\\": 8, \\\"caption_fr\\\": \\\"Automobile\\\", \\\"description_fr\\\": \\\"Toutes cat\\\\u00e9gories\\\", \\\"caption_en\\\": \\\"Vehicle\\\"}}, {\\\"type\\\": \\\"product\\\", \\\"value\\\": {\\\"description_en\\\": \\\"Naval and aerial\\\", \\\"image\\\": 12, \\\"caption_fr\\\": \\\"Transport\\\", \\\"description_fr\\\": \\\"Maritime et a\\\\u00e9rien\\\", \\\"caption_en\\\": \\\"Transport\\\"}}, {\\\"type\\\": \\\"product\\\", \\\"value\\\": {\\\"description_en\\\": \\\"Death and retirement benefits\\\", \\\"image\\\": 13, \\\"caption_fr\\\": \\\"Assurance vie\\\", \\\"description_fr\\\": \\\"D\\\\u00e9c\\\\u00e8s et retraite\\\", \\\"caption_en\\\": \\\"Life insurance\\\"}}, {\\\"type\\\": \\\"product\\\", \\\"value\\\": {\\\"description_en\\\": \\\"Public liability\\\", \\\"image\\\": 14, \\\"caption_fr\\\": \\\"Responsabilit\\\\u00e9s civiles\\\", \\\"description_fr\\\": \\\"Responsabilit\\\\u00e9s civiles\\\", \\\"caption_en\\\": \\\"Public liability\\\"}}, {\\\"type\\\": \\\"product\\\", \\\"value\\\": {\\\"description_en\\\": \\\"Health insurance and individual accident\\\", \\\"image\\\": 15, \\\"caption_fr\\\": \\\"Dommages corporels\\\", \\\"description_fr\\\": \\\"Maladie et accident individuel\\\", \\\"caption_en\\\": \\\"Physical damage\\\"}}]\", \"has_unpublished_changes\": true, \"depth\": 2, \"seo_title\": \"\", \"expire_at\": null}",
      "approved_go_live_at": null
    }
  },
  {
    "model": "wagtailcore.pagerevision",
    "pk": 32,
    "fields": {
      "page": 4,
      "submitted_for_moderation": false,
      "created_at": "2016-09-11T21:59:48.868Z",
      "user": [
        "admin"
      ],
      "content_json": "{\"has_unpublished_changes\": false, \"search_description\": \"\", \"expire_at\": null, \"seo_title\": \"\", \"numchild\": 0, \"title\": \"About us\", \"pk\": 4, \"live\": false, \"owner\": 1, \"url_path\": \"/home/about-us/\", \"slug\": \"about-us\", \"latest_revision_created_at\": null, \"locked\": false, \"expired\": false, \"show_in_menus\": false, \"first_published_at\": null, \"path\": \"000100010001\", \"content_type\": 29, \"depth\": 3, \"go_live_at\": null}",
      "approved_go_live_at": null
    }
  },
  {
    "model": "wagtailcore.pagerevision",
    "pk": 33,
    "fields": {
      "page": 4,
      "submitted_for_moderation": false,
      "created_at": "2016-09-11T21:59:53.955Z",
      "user": [
        "admin"
      ],
      "content_json": "{\"has_unpublished_changes\": true, \"search_description\": \"\", \"expire_at\": null, \"seo_title\": \"\", \"numchild\": 0, \"title\": \"About us\", \"pk\": 4, \"live\": false, \"owner\": 1, \"url_path\": \"/home/about-us/\", \"slug\": \"about-us\", \"latest_revision_created_at\": \"2016-09-11T21:59:48.868Z\", \"locked\": false, \"expired\": false, \"show_in_menus\": false, \"first_published_at\": null, \"path\": \"000100010001\", \"content_type\": 29, \"depth\": 3, \"go_live_at\": null}",
      "approved_go_live_at": null
    }
  },
  {
    "model": "wagtailcore.pagerevision",
    "pk": 34,
    "fields": {
      "page": 5,
      "submitted_for_moderation": false,
      "created_at": "2016-09-11T22:00:03.998Z",
      "user": [
        "admin"
      ],
      "content_json": "{\"has_unpublished_changes\": false, \"search_description\": \"\", \"expire_at\": null, \"seo_title\": \"\", \"numchild\": 0, \"title\": \"Contact\", \"pk\": 5, \"live\": false, \"owner\": 1, \"url_path\": \"/home/contact/\", \"slug\": \"contact\", \"latest_revision_created_at\": null, \"locked\": false, \"expired\": false, \"show_in_menus\": false, \"first_published_at\": null, \"path\": \"000100010002\", \"content_type\": 28, \"depth\": 3, \"go_live_at\": null}",
      "approved_go_live_at": null
    }
  },
  {
    "model": "wagtailcore.pagerevision",
    "pk": 35,
    "fields": {
      "page": 5,
      "submitted_for_moderation": false,
      "created_at": "2016-09-11T22:00:07.052Z",
      "user": [
        "admin"
      ],
      "content_json": "{\"has_unpublished_changes\": true, \"search_description\": \"\", \"expire_at\": null, \"seo_title\": \"\", \"numchild\": 0, \"title\": \"Contact\", \"pk\": 5, \"live\": false, \"owner\": 1, \"url_path\": \"/home/contact/\", \"slug\": \"contact\", \"latest_revision_created_at\": \"2016-09-11T22:00:03.998Z\", \"locked\": false, \"expired\": false, \"show_in_menus\": false, \"first_published_at\": null, \"path\": \"000100010002\", \"content_type\": 28, \"depth\": 3, \"go_live_at\": null}",
      "approved_go_live_at": null
    }
  },
  {
    "model": "wagtailcore.pagerevision",
    "pk": 36,
    "fields": {
      "page": 5,
      "submitted_for_moderation": false,
      "created_at": "2016-09-11T22:00:49.915Z",
      "user": [
        "admin"
      ],
      "content_json": "{\"has_unpublished_changes\": false, \"search_description\": \"\", \"expire_at\": null, \"seo_title\": \"\", \"numchild\": 0, \"title\": \"Contact\", \"pk\": 5, \"live\": true, \"owner\": 1, \"url_path\": \"/home/contact/\", \"slug\": \"contact\", \"latest_revision_created_at\": \"2016-09-11T22:00:07.052Z\", \"locked\": false, \"expired\": false, \"show_in_menus\": true, \"first_published_at\": \"2016-09-11T22:00:07.090Z\", \"path\": \"000100010002\", \"content_type\": 28, \"depth\": 3, \"go_live_at\": null}",
      "approved_go_live_at": null
    }
  },
  {
    "model": "wagtailcore.pagerevision",
    "pk": 37,
    "fields": {
      "page": 4,
      "submitted_for_moderation": false,
      "created_at": "2016-09-11T22:00:59.783Z",
      "user": [
        "admin"
      ],
      "content_json": "{\"has_unpublished_changes\": false, \"search_description\": \"\", \"expire_at\": null, \"seo_title\": \"\", \"numchild\": 0, \"title\": \"About us\", \"pk\": 4, \"live\": true, \"owner\": 1, \"url_path\": \"/home/about-us/\", \"slug\": \"about-us\", \"latest_revision_created_at\": \"2016-09-11T21:59:53.955Z\", \"locked\": false, \"expired\": false, \"show_in_menus\": true, \"first_published_at\": \"2016-09-11T21:59:53.987Z\", \"path\": \"000100010001\", \"content_type\": 29, \"depth\": 3, \"go_live_at\": null}",
      "approved_go_live_at": null
    }
  },
  {
    "model": "wagtailcore.pagerevision",
    "pk": 38,
    "fields": {
      "page": 4,
      "submitted_for_moderation": false,
      "created_at": "2016-09-11T22:01:02.808Z",
      "user": [
        "admin"
      ],
      "content_json": "{\"has_unpublished_changes\": true, \"search_description\": \"\", \"expire_at\": null, \"seo_title\": \"\", \"numchild\": 0, \"title\": \"About us\", \"pk\": 4, \"live\": true, \"owner\": 1, \"url_path\": \"/home/about-us/\", \"slug\": \"about-us\", \"latest_revision_created_at\": \"2016-09-11T22:00:59.783Z\", \"locked\": false, \"expired\": false, \"show_in_menus\": true, \"first_published_at\": \"2016-09-11T21:59:53.987Z\", \"path\": \"000100010001\", \"content_type\": 29, \"depth\": 3, \"go_live_at\": null}",
      "approved_go_live_at": null
    }
  },
  {
    "model": "wagtailcore.pagerevision",
    "pk": 39,
    "fields": {
      "page": 5,
      "submitted_for_moderation": false,
      "created_at": "2016-09-11T22:01:11.538Z",
      "user": [
        "admin"
      ],
      "content_json": "{\"has_unpublished_changes\": true, \"search_description\": \"\", \"expire_at\": null, \"seo_title\": \"\", \"numchild\": 0, \"title\": \"Contact\", \"pk\": 5, \"live\": true, \"owner\": 1, \"url_path\": \"/home/contact/\", \"slug\": \"contact\", \"latest_revision_created_at\": \"2016-09-11T22:00:49.915Z\", \"locked\": false, \"expired\": false, \"show_in_menus\": true, \"first_published_at\": \"2016-09-11T22:00:07.090Z\", \"path\": \"000100010002\", \"content_type\": 28, \"depth\": 3, \"go_live_at\": null}",
      "approved_go_live_at": null
    }
  },
  {
    "model": "wagtailcore.pagerevision",
    "pk": 40,
    "fields": {
      "page": 4,
      "submitted_for_moderation": false,
      "created_at": "2016-09-22T20:53:36.588Z",
      "user": [
        "admin"
      ],
      "content_json": "{\"search_description\": \"\", \"owner\": 1, \"latest_revision_created_at\": \"2016-09-11T22:01:02.808Z\", \"go_live_at\": null, \"company_desc_fr\": \"<p>3CA est un cabinet de courtage en assurance.</p><p>Notre expertise se repose sur l'exp\\u00e9rience de nos employ\\u00e9s et notre partenariat avec DIOT, cinqui\\u00e8me\\u00a0courtier en assurance fran\\u00e7ais.</p><p>Notre objectif est de fournir \\u00e0 nos clients les meilleurs garanties, dans les meilleures compagnies, au meilleur prix.</p><p>Nous assistons nos clients professionnels pour quantifier, \\u00e9valuer et assurer les risques de leurs activit\\u00e9s \\u00e0 travers notre programme de gestion des risques.</p>\", \"title\": \"About us\", \"seo_title\": \"\", \"slug\": \"about-us\", \"live\": true, \"has_unpublished_changes\": false, \"company_desc_en\": \"<p>3CA is an insurance brokerage office.</p><p>Our expertise relies on our employees' experience and our partnership with DIOT, fifth best french insurance broker.</p><p>Our aim is to provide our clients the best insurances, in the best companies, at the best price.</p><p>We provide guidance to our professional customers to quantify, evaluate and insure risks related to their activities through our risk management program.</p>\", \"numchild\": 0, \"content_type\": 7, \"show_in_menus\": true, \"path\": \"000100010001\", \"url_path\": \"/home/about-us/\", \"expired\": false, \"pk\": 4, \"locked\": false, \"employees\": \"[{\\\"type\\\": \\\"employee\\\", \\\"value\\\": {\\\"position_en\\\": \\\"Managing Director\\\", \\\"image\\\": 16, \\\"employee_name\\\": \\\"Cheikh Ahmed Tidiane Sy\\\", \\\"position_description_fr\\\": \\\"Dipl\\\\u00f4m\\\\u00e9 de l'Institut de Gestion des Risques au CNPP, il a cr\\\\u00e9\\\\u00e9 3CA en 2000 apr\\\\u00e8s 12 ans chez Axa Assurance S\\\\u00e9n\\\\u00e9gal.\\\", \\\"position_description_en\\\": \\\"Graduated from the 'Institut de Gestion des Risques' at CNPP, he created 3CA in 2000 after 12 years in Axa Assurance Senegal.\\\", \\\"position_fr\\\": \\\"Directeur G\\\\u00e9n\\\\u00e9ral\\\"}}]\", \"depth\": 3, \"first_published_at\": \"2016-09-11T21:59:53.987Z\", \"expire_at\": null}",
      "approved_go_live_at": null
    }
  },
  {
    "model": "wagtailcore.pagerevision",
    "pk": 41,
    "fields": {
      "page": 4,
      "submitted_for_moderation": false,
      "created_at": "2016-09-22T21:22:36.815Z",
      "user": [
        "admin"
      ],
      "content_json": "{\"search_description\": \"\", \"owner\": 1, \"latest_revision_created_at\": \"2016-09-22T20:53:36.588Z\", \"go_live_at\": null, \"company_desc_fr\": \"<p>3CA est un cabinet de courtage en assurance.</p><p>Notre expertise se repose sur l'exp\\u00e9rience de nos employ\\u00e9s et notre partenariat avec DIOT, cinqui\\u00e8me\\u00a0courtier en assurance fran\\u00e7ais.</p><p>Notre objectif est de fournir \\u00e0 nos clients les meilleurs garanties, dans les meilleures compagnies, au meilleur prix.</p><p>Nous assistons nos clients professionnels pour quantifier, \\u00e9valuer et assurer les risques de leurs activit\\u00e9s \\u00e0 travers notre programme de gestion des risques.</p>\", \"title\": \"About us\", \"seo_title\": \"\", \"slug\": \"about-us\", \"live\": true, \"has_unpublished_changes\": true, \"company_desc_en\": \"<p>3CA is an insurance brokerage office.</p><p>Our expertise relies on our employees' experience and our partnership with DIOT, fifth best french insurance broker.</p><p>Our aim is to provide our clients the best insurances, in the best companies, at the best price.</p><p>We provide guidance to our professional customers to quantify, evaluate and insure risks related to their activities through our risk management program.</p>\", \"numchild\": 0, \"content_type\": 7, \"show_in_menus\": true, \"path\": \"000100010001\", \"url_path\": \"/home/about-us/\", \"expired\": false, \"pk\": 4, \"locked\": false, \"employees\": \"[{\\\"type\\\": \\\"employee\\\", \\\"value\\\": {\\\"position_en\\\": \\\"Managing Director\\\", \\\"image\\\": 16, \\\"employee_name\\\": \\\"Cheikh Ahmed Tidiane Sy\\\", \\\"position_description_fr\\\": \\\"Dipl\\\\u00f4m\\\\u00e9 de l'Institut de Gestion des Risques au CNPP, il a cr\\\\u00e9\\\\u00e9 3CA en 2000 apr\\\\u00e8s 12 ans chez Axa Assurance S\\\\u00e9n\\\\u00e9gal.\\\", \\\"position_description_en\\\": \\\"Graduated from the 'Institut de Gestion des Risques' at CNPP, he created 3CA in 2000 after 12 years in Axa Assurance Senegal.\\\", \\\"position_fr\\\": \\\"Directeur G\\\\u00e9n\\\\u00e9ral\\\"}}, {\\\"type\\\": \\\"employee\\\", \\\"value\\\": {\\\"position_en\\\": \\\"Head of fire department and miscellaneous risks\\\", \\\"image\\\": 17, \\\"employee_name\\\": \\\"Albert Sagna\\\", \\\"position_description_fr\\\": \\\"He is in charge of public liability and transport damage insurances.\\\", \\\"position_description_en\\\": \\\"Il est en charge des Assurances Dommages RC et Transport.\\\", \\\"position_fr\\\": \\\"Responsable service incendie et risques divers\\\"}}]\", \"depth\": 3, \"first_published_at\": \"2016-09-11T21:59:53.987Z\", \"expire_at\": null}",
      "approved_go_live_at": null
    }
  },
  {
    "model": "wagtailcore.pagerevision",
    "pk": 42,
    "fields": {
      "page": 4,
      "submitted_for_moderation": false,
      "created_at": "2016-09-22T21:33:01.951Z",
      "user": [
        "admin"
      ],
      "content_json": "{\"search_description\": \"\", \"owner\": 1, \"latest_revision_created_at\": \"2016-09-22T21:22:36.815Z\", \"go_live_at\": null, \"company_desc_fr\": \"<p>3CA est un cabinet de courtage en assurance.</p><p>Notre expertise se repose sur l'exp\\u00e9rience de nos employ\\u00e9s et notre partenariat avec DIOT, cinqui\\u00e8me\\u00a0courtier en assurance fran\\u00e7ais.</p><p>Notre objectif est de fournir \\u00e0 nos clients les meilleurs garanties, dans les meilleures compagnies, au meilleur prix.</p><p>Nous assistons nos clients professionnels pour quantifier, \\u00e9valuer et assurer les risques de leurs activit\\u00e9s \\u00e0 travers notre programme de gestion des risques.</p>\", \"title\": \"About us\", \"seo_title\": \"\", \"slug\": \"about-us\", \"live\": true, \"has_unpublished_changes\": true, \"company_desc_en\": \"<p>3CA is an insurance brokerage office.</p><p>Our expertise relies on our employees' experience and our partnership with DIOT, fifth best french insurance broker.</p><p>Our aim is to provide our clients the best insurances, in the best companies, at the best price.</p><p>We provide guidance to our professional customers to quantify, evaluate and insure risks related to their activities through our risk management program.</p>\", \"numchild\": 0, \"content_type\": 7, \"show_in_menus\": true, \"path\": \"000100010001\", \"url_path\": \"/home/about-us/\", \"expired\": false, \"pk\": 4, \"locked\": false, \"employees\": \"[{\\\"type\\\": \\\"employee\\\", \\\"value\\\": {\\\"position_en\\\": \\\"Managing Director\\\", \\\"image\\\": 16, \\\"employee_name\\\": \\\"Cheikh Ahmed Tidiane Sy\\\", \\\"position_description_fr\\\": \\\"Dipl\\\\u00f4m\\\\u00e9 de l'Institut de Gestion des Risques au CNPP, il a cr\\\\u00e9\\\\u00e9 3CA en 2000 apr\\\\u00e8s 12 ans chez Axa Assurance S\\\\u00e9n\\\\u00e9gal.\\\", \\\"position_description_en\\\": \\\"Graduated from the 'Institut de Gestion des Risques' at CNPP, he created 3CA in 2000 after 12 years in Axa Assurance Senegal.\\\", \\\"position_fr\\\": \\\"Directeur G\\\\u00e9n\\\\u00e9ral\\\"}}, {\\\"type\\\": \\\"employee\\\", \\\"value\\\": {\\\"position_en\\\": \\\"Head of fire department and miscellaneous risks\\\", \\\"image\\\": 17, \\\"employee_name\\\": \\\"Albert Sagna\\\", \\\"position_description_fr\\\": \\\"He is in charge of public liability and transport damage insurances.\\\", \\\"position_description_en\\\": \\\"Il est en charge des Assurances Dommages RC et Transport.\\\", \\\"position_fr\\\": \\\"Responsable service incendie et risques divers\\\"}}, {\\\"type\\\": \\\"employee\\\", \\\"value\\\": {\\\"position_en\\\": \\\"Finance and administrative manager\\\", \\\"image\\\": 18, \\\"employee_name\\\": \\\"Lamine Ndong\\\", \\\"position_description_fr\\\": \\\"He is in charge of accounts management and health insurance.\\\", \\\"position_description_en\\\": \\\"Il est en charge de la gestion financi\\\\u00e8re et comptable et de l'assurance maladie.\\\", \\\"position_fr\\\": \\\"Responsable administratif et financier\\\"}}]\", \"depth\": 3, \"first_published_at\": \"2016-09-11T21:59:53.987Z\", \"expire_at\": null}",
      "approved_go_live_at": null
    }
  },
  {
    "model": "wagtailcore.pagerevision",
    "pk": 43,
    "fields": {
      "page": 4,
      "submitted_for_moderation": false,
      "created_at": "2016-09-22T21:34:18.361Z",
      "user": [
        "admin"
      ],
      "content_json": "{\"search_description\": \"\", \"owner\": 1, \"latest_revision_created_at\": \"2016-09-22T21:33:01.951Z\", \"go_live_at\": null, \"company_desc_fr\": \"<p>3CA est un cabinet de courtage en assurance.</p><p>Notre expertise se repose sur l'exp\\u00e9rience de nos employ\\u00e9s et notre partenariat avec DIOT, cinqui\\u00e8me\\u00a0courtier en assurance fran\\u00e7ais.</p><p>Notre objectif est de fournir \\u00e0 nos clients les meilleurs garanties, dans les meilleures compagnies, au meilleur prix.</p><p>Nous assistons nos clients professionnels pour quantifier, \\u00e9valuer et assurer les risques de leurs activit\\u00e9s \\u00e0 travers notre programme de gestion des risques.</p>\", \"title\": \"About us\", \"seo_title\": \"\", \"slug\": \"about-us\", \"live\": true, \"has_unpublished_changes\": true, \"company_desc_en\": \"<p>3CA is an insurance brokerage office.</p><p>Our expertise relies on our employees' experience and our partnership with DIOT, fifth best french insurance broker.</p><p>Our aim is to provide our clients the best insurances, in the best companies, at the best price.</p><p>We provide guidance to our professional customers to quantify, evaluate and insure risks related to their activities through our risk management program.</p>\", \"numchild\": 0, \"content_type\": 7, \"show_in_menus\": true, \"path\": \"000100010001\", \"url_path\": \"/home/about-us/\", \"expired\": false, \"pk\": 4, \"locked\": false, \"employees\": \"[{\\\"type\\\": \\\"employee\\\", \\\"value\\\": {\\\"position_en\\\": \\\"Managing Director\\\", \\\"image\\\": 16, \\\"employee_name\\\": \\\"Cheikh Ahmed Tidiane Sy\\\", \\\"position_description_fr\\\": \\\"Dipl\\\\u00f4m\\\\u00e9 de l'Institut de Gestion des Risques au CNPP, il a cr\\\\u00e9\\\\u00e9 3CA en 2000 apr\\\\u00e8s 12 ans chez Axa Assurance S\\\\u00e9n\\\\u00e9gal.\\\", \\\"position_description_en\\\": \\\"Graduated from the 'Institut de Gestion des Risques' at CNPP, he created 3CA in 2000 after 12 years in Axa Assurance Senegal.\\\", \\\"position_fr\\\": \\\"Directeur G\\\\u00e9n\\\\u00e9ral\\\"}}, {\\\"type\\\": \\\"employee\\\", \\\"value\\\": {\\\"position_en\\\": \\\"Head of fire department and miscellaneous risks\\\", \\\"image\\\": 17, \\\"employee_name\\\": \\\"Albert Sagna\\\", \\\"position_description_fr\\\": \\\"He is in charge of public liability and transport damage insurances.\\\", \\\"position_description_en\\\": \\\"Il est en charge des Assurances Dommages RC et Transport.\\\", \\\"position_fr\\\": \\\"Responsable service incendie et risques divers\\\"}}, {\\\"type\\\": \\\"employee\\\", \\\"value\\\": {\\\"position_en\\\": \\\"Finance and administrative manager\\\", \\\"image\\\": 18, \\\"employee_name\\\": \\\"Lamine Ndong\\\", \\\"position_description_fr\\\": \\\"He is in charge of accounts management and health insurance.\\\", \\\"position_description_en\\\": \\\"Il est en charge de la gestion financi\\\\u00e8re et comptable et de l'assurance maladie.\\\", \\\"position_fr\\\": \\\"Responsable administratif et financier\\\"}}, {\\\"type\\\": \\\"employee\\\", \\\"value\\\": {\\\"position_en\\\": \\\"Management assistant\\\", \\\"image\\\": 19, \\\"employee_name\\\": \\\"Pauline Fall\\\", \\\"position_description_fr\\\": \\\"Assistante du directeur g\\\\u00e9n\\\\u00e9ral charg\\\\u00e9e de la supervision de l\\\\u2019assurance et des sinistres automobiles et TRC.\\\", \\\"position_description_en\\\": \\\"The managing director deputy. She supervises vehicle insurance and damage and construction all risk insurance.\\\", \\\"position_fr\\\": \\\"Assistante de direction\\\"}}]\", \"depth\": 3, \"first_published_at\": \"2016-09-11T21:59:53.987Z\", \"expire_at\": null}",
      "approved_go_live_at": null
    }
  },
  {
    "model": "wagtailcore.pagerevision",
    "pk": 44,
    "fields": {
      "page": 4,
      "submitted_for_moderation": false,
      "created_at": "2016-09-22T21:37:06.951Z",
      "user": [
        "admin"
      ],
      "content_json": "{\"search_description\": \"\", \"owner\": 1, \"latest_revision_created_at\": \"2016-09-22T21:34:18.361Z\", \"go_live_at\": null, \"company_desc_fr\": \"<p>3CA est un cabinet de courtage en assurance.</p><p>Notre expertise se repose sur l'exp\\u00e9rience de nos employ\\u00e9s et notre partenariat avec DIOT, cinqui\\u00e8me\\u00a0courtier en assurance fran\\u00e7ais.</p><p>Notre objectif est de fournir \\u00e0 nos clients les meilleurs garanties, dans les meilleures compagnies, au meilleur prix.</p><p>Nous assistons nos clients professionnels pour quantifier, \\u00e9valuer et assurer les risques de leurs activit\\u00e9s \\u00e0 travers notre programme de gestion des risques.</p>\", \"title\": \"About us\", \"seo_title\": \"\", \"slug\": \"about-us\", \"live\": true, \"has_unpublished_changes\": true, \"company_desc_en\": \"<p>3CA is an insurance brokerage office.</p><p>Our expertise relies on our employees' experience and our partnership with DIOT, fifth best french insurance broker.</p><p>Our aim is to provide our clients the best insurances, in the best companies, at the best price.</p><p>We provide guidance to our professional customers to quantify, evaluate and insure risks related to their activities through our risk management program.</p>\", \"numchild\": 0, \"content_type\": 7, \"show_in_menus\": true, \"path\": \"000100010001\", \"url_path\": \"/home/about-us/\", \"expired\": false, \"pk\": 4, \"locked\": false, \"employees\": \"[{\\\"type\\\": \\\"employee\\\", \\\"value\\\": {\\\"position_en\\\": \\\"Managing Director\\\", \\\"image\\\": 16, \\\"employee_name\\\": \\\"Cheikh Ahmed Tidiane Sy\\\", \\\"position_description_fr\\\": \\\"Dipl\\\\u00f4m\\\\u00e9 de l'Institut de Gestion des Risques au CNPP, il a cr\\\\u00e9\\\\u00e9 3CA en 2000 apr\\\\u00e8s 12 ans chez Axa Assurance S\\\\u00e9n\\\\u00e9gal.\\\", \\\"position_description_en\\\": \\\"Graduated from the 'Institut de Gestion des Risques' at CNPP, he created 3CA in 2000 after 12 years in Axa Assurance Senegal.\\\", \\\"position_fr\\\": \\\"Directeur G\\\\u00e9n\\\\u00e9ral\\\"}}, {\\\"type\\\": \\\"employee\\\", \\\"value\\\": {\\\"position_en\\\": \\\"Head of fire department and miscellaneous risks\\\", \\\"image\\\": 17, \\\"employee_name\\\": \\\"Albert Sagna\\\", \\\"position_description_fr\\\": \\\"He is in charge of public liability and transport damage insurances.\\\", \\\"position_description_en\\\": \\\"Il est en charge des Assurances Dommages RC et Transport.\\\", \\\"position_fr\\\": \\\"Responsable service incendie et risques divers\\\"}}, {\\\"type\\\": \\\"employee\\\", \\\"value\\\": {\\\"position_en\\\": \\\"Finance and administrative manager\\\", \\\"image\\\": 18, \\\"employee_name\\\": \\\"Lamine Ndong\\\", \\\"position_description_fr\\\": \\\"He is in charge of accounts management and health insurance.\\\", \\\"position_description_en\\\": \\\"Il est en charge de la gestion financi\\\\u00e8re et comptable et de l'assurance maladie.\\\", \\\"position_fr\\\": \\\"Responsable administratif et financier\\\"}}, {\\\"type\\\": \\\"employee\\\", \\\"value\\\": {\\\"position_en\\\": \\\"Management assistant\\\", \\\"image\\\": 19, \\\"employee_name\\\": \\\"Pauline Fall\\\", \\\"position_description_fr\\\": \\\"Assistante du directeur g\\\\u00e9n\\\\u00e9ral charg\\\\u00e9e de la supervision de l\\\\u2019assurance et des sinistres automobiles et TRC.\\\", \\\"position_description_en\\\": \\\"The managing director deputy. She supervises vehicle insurance and damage and construction all risk insurance.\\\", \\\"position_fr\\\": \\\"Assistante de direction\\\"}}, {\\\"type\\\": \\\"employee\\\", \\\"value\\\": {\\\"position_en\\\": \\\"Health insurance and damage manager\\\", \\\"image\\\": 20, \\\"employee_name\\\": \\\"Maguette Sarr\\\", \\\"position_description_fr\\\": \\\"\\\", \\\"position_description_en\\\": \\\"\\\", \\\"position_fr\\\": \\\"Responsable de la production & des sinistres en assurance sante\\\"}}, {\\\"type\\\": \\\"employee\\\", \\\"value\\\": {\\\"position_en\\\": \\\"Damage department manager\\\", \\\"image\\\": 21, \\\"employee_name\\\": \\\"Awa Diouf\\\", \\\"position_description_fr\\\": \\\"\\\", \\\"position_description_en\\\": \\\"\\\", \\\"position_fr\\\": \\\"Responsable service sinistre\\\"}}]\", \"depth\": 3, \"first_published_at\": \"2016-09-11T21:59:53.987Z\", \"expire_at\": null}",
      "approved_go_live_at": null
    }
  },
  {
    "model": "wagtailcore.pagerevision",
    "pk": 45,
    "fields": {
      "page": 4,
      "submitted_for_moderation": false,
      "created_at": "2016-09-22T21:38:18.348Z",
      "user": [
        "admin"
      ],
      "content_json": "{\"search_description\": \"\", \"owner\": 1, \"latest_revision_created_at\": \"2016-09-22T21:37:06.951Z\", \"go_live_at\": null, \"company_desc_fr\": \"<p>3CA est un cabinet de courtage en assurance.</p><p>Notre expertise se repose sur l'exp\\u00e9rience de nos employ\\u00e9s et notre partenariat avec DIOT, cinqui\\u00e8me\\u00a0courtier en assurance fran\\u00e7ais.</p><p>Notre objectif est de fournir \\u00e0 nos clients les meilleurs garanties, dans les meilleures compagnies, au meilleur prix.</p><p>Nous assistons nos clients professionnels pour quantifier, \\u00e9valuer et assurer les risques de leurs activit\\u00e9s \\u00e0 travers notre programme de gestion des risques.</p>\", \"title\": \"About us\", \"seo_title\": \"\", \"slug\": \"about-us\", \"live\": true, \"has_unpublished_changes\": true, \"company_desc_en\": \"<p>3CA is an insurance brokerage office.</p><p>Our expertise relies on our employees' experience and our partnership with DIOT, fifth best french insurance broker.</p><p>Our aim is to provide our clients the best insurances, in the best companies, at the best price.</p><p>We provide guidance to our professional customers to quantify, evaluate and insure risks related to their activities through our risk management program.</p>\", \"numchild\": 0, \"content_type\": 7, \"show_in_menus\": true, \"path\": \"000100010001\", \"url_path\": \"/home/about-us/\", \"expired\": false, \"pk\": 4, \"locked\": false, \"employees\": \"[{\\\"type\\\": \\\"employee\\\", \\\"value\\\": {\\\"position_en\\\": \\\"Managing Director\\\", \\\"image\\\": 16, \\\"employee_name\\\": \\\"Cheikh Ahmed Tidiane Sy\\\", \\\"position_description_fr\\\": \\\"Dipl\\\\u00f4m\\\\u00e9 de l'Institut de Gestion des Risques au CNPP, il a cr\\\\u00e9\\\\u00e9 3CA en 2000 apr\\\\u00e8s 12 ans chez Axa Assurance S\\\\u00e9n\\\\u00e9gal.\\\", \\\"position_description_en\\\": \\\"Graduated from the 'Institut de Gestion des Risques' at CNPP, he created 3CA in 2000 after 12 years in Axa Assurance Senegal.\\\", \\\"position_fr\\\": \\\"Directeur G\\\\u00e9n\\\\u00e9ral\\\"}}, {\\\"type\\\": \\\"employee\\\", \\\"value\\\": {\\\"position_en\\\": \\\"Head of fire department and miscellaneous risks\\\", \\\"image\\\": 17, \\\"employee_name\\\": \\\"Albert Sagna\\\", \\\"position_description_fr\\\": \\\"He is in charge of public liability and transport damage insurances.\\\", \\\"position_description_en\\\": \\\"Il est en charge des Assurances Dommages RC et Transport.\\\", \\\"position_fr\\\": \\\"Responsable service incendie et risques divers\\\"}}, {\\\"type\\\": \\\"employee\\\", \\\"value\\\": {\\\"position_en\\\": \\\"Finance and administrative manager\\\", \\\"image\\\": 18, \\\"employee_name\\\": \\\"Lamine Ndong\\\", \\\"position_description_fr\\\": \\\"He is in charge of accounts management and health insurance.\\\", \\\"position_description_en\\\": \\\"Il est en charge de la gestion financi\\\\u00e8re et comptable et de l'assurance maladie.\\\", \\\"position_fr\\\": \\\"Responsable administratif et financier\\\"}}, {\\\"type\\\": \\\"employee\\\", \\\"value\\\": {\\\"position_en\\\": \\\"Management assistant\\\", \\\"image\\\": 19, \\\"employee_name\\\": \\\"Pauline Fall\\\", \\\"position_description_fr\\\": \\\"Assistante du directeur g\\\\u00e9n\\\\u00e9ral charg\\\\u00e9e de la supervision de l\\\\u2019assurance et des sinistres automobiles et TRC.\\\", \\\"position_description_en\\\": \\\"The managing director deputy. She supervises vehicle insurance and damage and construction all risk insurance.\\\", \\\"position_fr\\\": \\\"Assistante de direction\\\"}}, {\\\"type\\\": \\\"employee\\\", \\\"value\\\": {\\\"position_en\\\": \\\"Health insurance and damage manager\\\", \\\"image\\\": 20, \\\"employee_name\\\": \\\"Maguette Sarr\\\", \\\"position_description_fr\\\": \\\"\\\", \\\"position_description_en\\\": \\\"\\\", \\\"position_fr\\\": \\\"Responsable de la production & des sinistres en assurance sante\\\"}}, {\\\"type\\\": \\\"employee\\\", \\\"value\\\": {\\\"position_en\\\": \\\"Damage department manager\\\", \\\"image\\\": 21, \\\"employee_name\\\": \\\"Awa Diouf\\\", \\\"position_description_fr\\\": \\\"\\\", \\\"position_description_en\\\": \\\"\\\", \\\"position_fr\\\": \\\"Responsable service sinistre\\\"}}, {\\\"type\\\": \\\"employee\\\", \\\"value\\\": {\\\"position_en\\\": \\\"Vehicle insurance manager\\\", \\\"image\\\": 22, \\\"employee_name\\\": \\\"Blondin Gueye\\\", \\\"position_description_fr\\\": \\\"\\\", \\\"position_description_en\\\": \\\"\\\", \\\"position_fr\\\": \\\"Responsable de la production automobile\\\"}}]\", \"depth\": 3, \"first_published_at\": \"2016-09-11T21:59:53.987Z\", \"expire_at\": null}",
      "approved_go_live_at": null
    }
  },
  {
    "model": "wagtailcore.pagerevision",
    "pk": 46,
    "fields": {
      "page": 4,
      "submitted_for_moderation": false,
      "created_at": "2016-09-22T21:38:27.401Z",
      "user": [
        "admin"
      ],
      "content_json": "{\"search_description\": \"\", \"owner\": 1, \"latest_revision_created_at\": \"2016-09-22T21:38:18.348Z\", \"go_live_at\": null, \"company_desc_fr\": \"<p>3CA est un cabinet de courtage en assurance.</p><p>Notre expertise se repose sur l'exp\\u00e9rience de nos employ\\u00e9s et notre partenariat avec DIOT, cinqui\\u00e8me\\u00a0courtier en assurance fran\\u00e7ais.</p><p>Notre objectif est de fournir \\u00e0 nos clients les meilleurs garanties, dans les meilleures compagnies, au meilleur prix.</p><p>Nous assistons nos clients professionnels pour quantifier, \\u00e9valuer et assurer les risques de leurs activit\\u00e9s \\u00e0 travers notre programme de gestion des risques.</p>\", \"title\": \"About us\", \"seo_title\": \"\", \"slug\": \"about-us\", \"live\": true, \"has_unpublished_changes\": true, \"company_desc_en\": \"<p>3CA is an insurance brokerage office.</p><p>Our expertise relies on our employees' experience and our partnership with DIOT, fifth best french insurance broker.</p><p>Our aim is to provide our clients the best insurances, in the best companies, at the best price.</p><p>We provide guidance to our professional customers to quantify, evaluate and insure risks related to their activities through our risk management program.</p>\", \"numchild\": 0, \"content_type\": 7, \"show_in_menus\": true, \"path\": \"000100010001\", \"url_path\": \"/home/about-us/\", \"expired\": false, \"pk\": 4, \"locked\": false, \"employees\": \"[{\\\"type\\\": \\\"employee\\\", \\\"value\\\": {\\\"position_en\\\": \\\"Managing Director\\\", \\\"image\\\": 16, \\\"employee_name\\\": \\\"Cheikh Ahmed Tidiane Sy\\\", \\\"position_description_fr\\\": \\\"Dipl\\\\u00f4m\\\\u00e9 de l'Institut de Gestion des Risques au CNPP, il a cr\\\\u00e9\\\\u00e9 3CA en 2000 apr\\\\u00e8s 12 ans chez Axa Assurance S\\\\u00e9n\\\\u00e9gal.\\\", \\\"position_description_en\\\": \\\"Graduated from the 'Institut de Gestion des Risques' at CNPP, he created 3CA in 2000 after 12 years in Axa Assurance Senegal.\\\", \\\"position_fr\\\": \\\"Directeur G\\\\u00e9n\\\\u00e9ral\\\"}}, {\\\"type\\\": \\\"employee\\\", \\\"value\\\": {\\\"position_en\\\": \\\"Head of fire department and miscellaneous risks\\\", \\\"image\\\": 17, \\\"employee_name\\\": \\\"Albert Sagna\\\", \\\"position_description_fr\\\": \\\"He is in charge of public liability and transport damage insurances.\\\", \\\"position_description_en\\\": \\\"Il est en charge des Assurances Dommages RC et Transport.\\\", \\\"position_fr\\\": \\\"Responsable service incendie et risques divers\\\"}}, {\\\"type\\\": \\\"employee\\\", \\\"value\\\": {\\\"position_en\\\": \\\"Finance and administrative manager\\\", \\\"image\\\": 18, \\\"employee_name\\\": \\\"Lamine Ndong\\\", \\\"position_description_fr\\\": \\\"He is in charge of accounts management and health insurance.\\\", \\\"position_description_en\\\": \\\"Il est en charge de la gestion financi\\\\u00e8re et comptable et de l'assurance maladie.\\\", \\\"position_fr\\\": \\\"Responsable administratif et financier\\\"}}, {\\\"type\\\": \\\"employee\\\", \\\"value\\\": {\\\"position_en\\\": \\\"Management assistant\\\", \\\"image\\\": 19, \\\"employee_name\\\": \\\"Pauline Fall\\\", \\\"position_description_fr\\\": \\\"Assistante du directeur g\\\\u00e9n\\\\u00e9ral charg\\\\u00e9e de la supervision de l\\\\u2019assurance et des sinistres automobiles et TRC.\\\", \\\"position_description_en\\\": \\\"The managing director deputy. She supervises vehicle insurance and damage and construction all risk insurance.\\\", \\\"position_fr\\\": \\\"Assistante de direction\\\"}}, {\\\"type\\\": \\\"employee\\\", \\\"value\\\": {\\\"position_en\\\": \\\"Health insurance and damage manager\\\", \\\"image\\\": 20, \\\"employee_name\\\": \\\"Maguette Sarr\\\", \\\"position_description_fr\\\": \\\"\\\", \\\"position_description_en\\\": \\\"\\\", \\\"position_fr\\\": \\\"Responsable de la production & des sinistres en assurance sante\\\"}}, {\\\"type\\\": \\\"employee\\\", \\\"value\\\": {\\\"position_en\\\": \\\"Damage department manager\\\", \\\"image\\\": 21, \\\"employee_name\\\": \\\"Awa Diouf\\\", \\\"position_description_fr\\\": \\\"\\\", \\\"position_description_en\\\": \\\"\\\", \\\"position_fr\\\": \\\"Responsable service sinistre\\\"}}, {\\\"type\\\": \\\"employee\\\", \\\"value\\\": {\\\"position_en\\\": \\\"Vehicle insurance manager\\\", \\\"image\\\": 22, \\\"employee_name\\\": \\\"Blondin Gueye\\\", \\\"position_description_fr\\\": \\\"\\\", \\\"position_description_en\\\": \\\"\\\", \\\"position_fr\\\": \\\"Responsable de la production automobile\\\"}}]\", \"depth\": 3, \"first_published_at\": \"2016-09-11T21:59:53.987Z\", \"expire_at\": null}",
      "approved_go_live_at": null
    }
  },
  {
    "model": "wagtailcore.pagerevision",
    "pk": 47,
    "fields": {
      "page": 4,
      "submitted_for_moderation": false,
      "created_at": "2016-09-22T22:27:19.476Z",
      "user": [
        "admin"
      ],
      "content_json": "{\"search_description\": \"\", \"owner\": 1, \"latest_revision_created_at\": \"2016-09-22T21:38:27.401Z\", \"go_live_at\": null, \"company_desc_fr\": \"<p>3CA est un cabinet de courtage en assurance.</p><p>Notre expertise se repose sur l'exp\\u00e9rience de nos employ\\u00e9s et notre partenariat avec DIOT, cinqui\\u00e8me\\u00a0courtier en assurance fran\\u00e7ais.</p><p>Notre objectif est de fournir \\u00e0 nos clients les meilleurs garanties, dans les meilleures compagnies, au meilleur prix.</p><p>Nous assistons nos clients professionnels pour quantifier, \\u00e9valuer et assurer les risques de leurs activit\\u00e9s \\u00e0 travers notre programme de gestion des risques.</p>\", \"title\": \"About us\", \"seo_title\": \"\", \"slug\": \"about-us\", \"live\": true, \"has_unpublished_changes\": false, \"company_desc_en\": \"<p>3CA is an insurance brokerage office.</p><p>Our expertise relies on our employees' experience and our partnership with DIOT, fifth best french insurance broker.</p><p>Our aim is to provide our clients the best insurances, in the best companies, at the best price.</p><p>We provide guidance to our professional customers to quantify, evaluate and insure risks related to their activities through our risk management program.</p>\", \"numchild\": 0, \"content_type\": 7, \"show_in_menus\": true, \"path\": \"000100010001\", \"url_path\": \"/home/about-us/\", \"expired\": false, \"pk\": 4, \"locked\": false, \"employees\": \"[{\\\"type\\\": \\\"employee\\\", \\\"value\\\": {\\\"position_en\\\": \\\"Managing Director\\\", \\\"image\\\": 16, \\\"employee_name\\\": \\\"Cheikh Ahmed Tidiane Sy\\\", \\\"position_description_fr\\\": \\\"Dipl\\\\u00f4m\\\\u00e9 de l'Institut de Gestion des Risques au CNPP, il a cr\\\\u00e9\\\\u00e9 3CA en 2000 apr\\\\u00e8s 12 ans chez Axa Assurance S\\\\u00e9n\\\\u00e9gal.\\\", \\\"position_description_en\\\": \\\"Graduated from the 'Institut de Gestion des Risques' at CNPP, he created 3CA in 2000 after 12 years in Axa Assurance Senegal.\\\", \\\"position_fr\\\": \\\"Directeur G\\\\u00e9n\\\\u00e9ral\\\"}}, {\\\"type\\\": \\\"employee\\\", \\\"value\\\": {\\\"position_en\\\": \\\"Head of fire department and miscellaneous risks\\\", \\\"image\\\": 17, \\\"employee_name\\\": \\\"Albert Sagna\\\", \\\"position_description_fr\\\": \\\"Il est en charge des Assurances Dommages RC et Transport.\\\", \\\"position_description_en\\\": \\\"He is in charge of public liability and transport damage insurances.\\\", \\\"position_fr\\\": \\\"Responsable service incendie et risques divers\\\"}}, {\\\"type\\\": \\\"employee\\\", \\\"value\\\": {\\\"position_en\\\": \\\"Finance and administrative manager\\\", \\\"image\\\": 18, \\\"employee_name\\\": \\\"Lamine Ndong\\\", \\\"position_description_fr\\\": \\\"Il est en charge de la gestion financi\\\\u00e8re et comptable et de l'assurance maladie.\\\", \\\"position_description_en\\\": \\\"He is in charge of accounts management and health insurance.\\\", \\\"position_fr\\\": \\\"Responsable administratif et financier\\\"}}, {\\\"type\\\": \\\"employee\\\", \\\"value\\\": {\\\"position_en\\\": \\\"Management assistant\\\", \\\"image\\\": 19, \\\"employee_name\\\": \\\"Pauline Fall\\\", \\\"position_description_fr\\\": \\\"Assistante du directeur g\\\\u00e9n\\\\u00e9ral charg\\\\u00e9e de la supervision de l\\\\u2019assurance et des sinistres automobiles et TRC.\\\", \\\"position_description_en\\\": \\\"The managing director deputy. She supervises vehicle insurance and damage and construction all risk insurance.\\\", \\\"position_fr\\\": \\\"Assistante de direction\\\"}}, {\\\"type\\\": \\\"employee\\\", \\\"value\\\": {\\\"position_en\\\": \\\"Health insurance and damage manager\\\", \\\"image\\\": 20, \\\"employee_name\\\": \\\"Maguette Sarr\\\", \\\"position_description_fr\\\": \\\"\\\", \\\"position_description_en\\\": \\\"\\\", \\\"position_fr\\\": \\\"Responsable de la production & des sinistres en assurance sante\\\"}}, {\\\"type\\\": \\\"employee\\\", \\\"value\\\": {\\\"position_en\\\": \\\"Damage department manager\\\", \\\"image\\\": 21, \\\"employee_name\\\": \\\"Awa Diouf\\\", \\\"position_description_fr\\\": \\\"\\\", \\\"position_description_en\\\": \\\"\\\", \\\"position_fr\\\": \\\"Responsable service sinistre\\\"}}, {\\\"type\\\": \\\"employee\\\", \\\"value\\\": {\\\"position_en\\\": \\\"Vehicle insurance manager\\\", \\\"image\\\": 22, \\\"employee_name\\\": \\\"Blondin Gueye\\\", \\\"position_description_fr\\\": \\\"\\\", \\\"position_description_en\\\": \\\"\\\", \\\"position_fr\\\": \\\"Responsable de la production automobile\\\"}}]\", \"depth\": 3, \"first_published_at\": \"2016-09-11T21:59:53.987Z\", \"expire_at\": null}",
      "approved_go_live_at": null
    }
  },
  {
    "model": "wagtailcore.pagerevision",
    "pk": 48,
    "fields": {
      "page": 4,
      "submitted_for_moderation": false,
      "created_at": "2016-09-22T22:28:18.577Z",
      "user": [
        "admin"
      ],
      "content_json": "{\"search_description\": \"\", \"owner\": 1, \"latest_revision_created_at\": \"2016-09-22T22:27:19.476Z\", \"go_live_at\": null, \"company_desc_fr\": \"<p>3CA est un cabinet de courtage en assurance.</p><p>Notre expertise se repose sur l'exp\\u00e9rience de nos employ\\u00e9s et notre partenariat avec DIOT, cinqui\\u00e8me\\u00a0courtier en assurance fran\\u00e7ais.</p><p>Notre objectif est de fournir \\u00e0 nos clients les meilleurs garanties, dans les meilleures compagnies, au meilleur prix.</p><p>Nous assistons nos clients professionnels pour quantifier, \\u00e9valuer et assurer les risques de leurs activit\\u00e9s \\u00e0 travers notre programme de gestion des risques.</p>\", \"title\": \"About us\", \"seo_title\": \"\", \"slug\": \"about-us\", \"live\": true, \"has_unpublished_changes\": false, \"company_desc_en\": \"<p>3CA is an insurance brokerage office.</p><p>Our expertise relies on our employees' experience and our partnership with DIOT, fifth best french insurance broker.</p><p>Our aim is to provide our clients the best insurances, in the best companies, at the best price.</p><p>We provide guidance to our professional customers to quantify, evaluate and insure risks related to their activities through our risk management program.</p>\", \"numchild\": 0, \"content_type\": 7, \"show_in_menus\": true, \"path\": \"000100010001\", \"url_path\": \"/home/about-us/\", \"expired\": false, \"pk\": 4, \"locked\": false, \"employees\": \"[{\\\"type\\\": \\\"employee\\\", \\\"value\\\": {\\\"position_en\\\": \\\"Managing Director\\\", \\\"image\\\": 16, \\\"employee_name\\\": \\\"Cheikh Ahmed Tidiane Sy\\\", \\\"position_description_fr\\\": \\\"Dipl\\\\u00f4m\\\\u00e9 de l'Institut de Gestion des Risques au CNPP, il a cr\\\\u00e9\\\\u00e9 3CA en 2000 apr\\\\u00e8s 12 ans chez Axa Assurance S\\\\u00e9n\\\\u00e9gal.\\\", \\\"position_description_en\\\": \\\"Graduated from the 'Institut de Gestion des Risques' at CNPP, he created 3CA in 2000 after 12 years in Axa Assurance Senegal.\\\", \\\"position_fr\\\": \\\"Directeur G\\\\u00e9n\\\\u00e9ral\\\"}}, {\\\"type\\\": \\\"employee\\\", \\\"value\\\": {\\\"position_en\\\": \\\"Head of fire department and miscellaneous risks\\\", \\\"image\\\": 17, \\\"employee_name\\\": \\\"Albert Sagna\\\", \\\"position_description_fr\\\": \\\"En charge des Assurances Dommages RC et Transport.\\\", \\\"position_description_en\\\": \\\"In charge of public liability and transport damage insurances.\\\", \\\"position_fr\\\": \\\"Responsable service incendie et risques divers\\\"}}, {\\\"type\\\": \\\"employee\\\", \\\"value\\\": {\\\"position_en\\\": \\\"Finance and administrative manager\\\", \\\"image\\\": 18, \\\"employee_name\\\": \\\"Lamine Ndong\\\", \\\"position_description_fr\\\": \\\"En charge de la gestion financi\\\\u00e8re et comptable et de l'assurance maladie.\\\", \\\"position_description_en\\\": \\\"In charge of accounts management and health insurance.\\\", \\\"position_fr\\\": \\\"Responsable administratif et financier\\\"}}, {\\\"type\\\": \\\"employee\\\", \\\"value\\\": {\\\"position_en\\\": \\\"Management assistant\\\", \\\"image\\\": 19, \\\"employee_name\\\": \\\"Pauline Fall\\\", \\\"position_description_fr\\\": \\\"Assistante du directeur g\\\\u00e9n\\\\u00e9ral. Charg\\\\u00e9e de la supervision de l\\\\u2019assurance et des sinistres automobiles et TRC.\\\", \\\"position_description_en\\\": \\\"The managing director deputy. She supervises vehicle insurance and damage and construction all risk insurance.\\\", \\\"position_fr\\\": \\\"Assistante de direction\\\"}}, {\\\"type\\\": \\\"employee\\\", \\\"value\\\": {\\\"position_en\\\": \\\"Health insurance and damage manager\\\", \\\"image\\\": 20, \\\"employee_name\\\": \\\"Maguette Sarr\\\", \\\"position_description_fr\\\": \\\"\\\", \\\"position_description_en\\\": \\\"\\\", \\\"position_fr\\\": \\\"Responsable de la production & des sinistres en assurance sante\\\"}}, {\\\"type\\\": \\\"employee\\\", \\\"value\\\": {\\\"position_en\\\": \\\"Damage department manager\\\", \\\"image\\\": 21, \\\"employee_name\\\": \\\"Awa Diouf\\\", \\\"position_description_fr\\\": \\\"\\\", \\\"position_description_en\\\": \\\"\\\", \\\"position_fr\\\": \\\"Responsable service sinistre\\\"}}, {\\\"type\\\": \\\"employee\\\", \\\"value\\\": {\\\"position_en\\\": \\\"Vehicle insurance manager\\\", \\\"image\\\": 22, \\\"employee_name\\\": \\\"Blondin Gueye\\\", \\\"position_description_fr\\\": \\\"\\\", \\\"position_description_en\\\": \\\"\\\", \\\"position_fr\\\": \\\"Responsable de la production automobile\\\"}}]\", \"depth\": 3, \"first_published_at\": \"2016-09-11T21:59:53.987Z\", \"expire_at\": null}",
      "approved_go_live_at": null
    }
  },
  {
    "model": "wagtailcore.page",
    "pk": 1,
    "fields": {
      "path": "0001",
      "depth": 1,
      "numchild": 1,
      "title": "Root",
      "slug": "root",
      "content_type": [
        "wagtailcore",
        "page"
      ],
      "live": true,
      "has_unpublished_changes": false,
      "url_path": "/",
      "owner": null,
      "seo_title": "",
      "show_in_menus": false,
      "search_description": "",
      "go_live_at": null,
      "expire_at": null,
      "expired": false,
      "locked": false,
      "first_published_at": null,
      "latest_revision_created_at": null
    }
  },
  {
    "model": "wagtailcore.page",
    "pk": 3,
    "fields": {
      "path": "00010001",
      "depth": 2,
      "numchild": 2,
      "title": "3CA: INSURANCE BROKER AND ADVISOR",
      "slug": "home",
      "content_type": [
        "_3caassurance",
        "homepage"
      ],
      "live": true,
      "has_unpublished_changes": false,
      "url_path": "/home/",
      "owner": null,
      "seo_title": "",
      "show_in_menus": false,
      "search_description": "",
      "go_live_at": null,
      "expire_at": null,
      "expired": false,
      "locked": false,
      "first_published_at": "2016-08-28T20:11:29.901Z",
      "latest_revision_created_at": "2016-09-07T22:19:33.325Z"
    }
  },
  {
    "model": "wagtailcore.page",
    "pk": 4,
    "fields": {
      "path": "000100010001",
      "depth": 3,
      "numchild": 0,
      "title": "About us",
      "slug": "about-us",
      "content_type": [
        "_3caassurance",
        "aboutuspage"
      ],
      "live": true,
      "has_unpublished_changes": false,
      "url_path": "/home/about-us/",
      "owner": [
        "admin"
      ],
      "seo_title": "",
      "show_in_menus": true,
      "search_description": "",
      "go_live_at": null,
      "expire_at": null,
      "expired": false,
      "locked": false,
      "first_published_at": "2016-09-11T21:59:53.987Z",
      "latest_revision_created_at": "2016-09-22T22:28:18.577Z"
    }
  },
  {
    "model": "wagtailcore.page",
    "pk": 5,
    "fields": {
      "path": "000100010002",
      "depth": 3,
      "numchild": 0,
      "title": "Contact",
      "slug": "contact",
      "content_type": [
        "_3caassurance",
        "contactpage"
      ],
      "live": true,
      "has_unpublished_changes": false,
      "url_path": "/home/contact/",
      "owner": [
        "admin"
      ],
      "seo_title": "",
      "show_in_menus": true,
      "search_description": "",
      "go_live_at": null,
      "expire_at": null,
      "expired": false,
      "locked": false,
      "first_published_at": "2016-09-11T22:00:07.090Z",
      "latest_revision_created_at": "2016-09-11T22:01:11.538Z"
    }
  },
  {
    "model": "_3caassurance.aboutuspage",
    "pk": 4,
    "fields": {
      "company_desc_fr": "<p>3CA est un cabinet de courtage en assurance.</p><p>Notre expertise se repose sur l'exp\u00e9rience de nos employ\u00e9s et notre partenariat avec DIOT, cinqui\u00e8me\u00a0courtier en assurance fran\u00e7ais.</p><p>Notre objectif est de fournir \u00e0 nos clients les meilleurs garanties, dans les meilleures compagnies, au meilleur prix.</p><p>Nous assistons nos clients professionnels pour quantifier, \u00e9valuer et assurer les risques de leurs activit\u00e9s \u00e0 travers notre programme de gestion des risques.</p>",
      "company_desc_en": "<p>3CA is an insurance brokerage office.</p><p>Our expertise relies on our employees' experience and our partnership with DIOT, fifth best french insurance broker.</p><p>Our aim is to provide our clients the best insurances, in the best companies, at the best price.</p><p>We provide guidance to our professional customers to quantify, evaluate and insure risks related to their activities through our risk management program.</p>",
      "employees": "[{\"type\": \"employee\", \"value\": {\"position_en\": \"Managing Director\", \"image\": 16, \"employee_name\": \"Cheikh Ahmed Tidiane Sy\", \"position_description_fr\": \"Dipl\\u00f4m\\u00e9 de l'Institut de Gestion des Risques au CNPP, il a cr\\u00e9\\u00e9 3CA en 2000 apr\\u00e8s 12 ans chez Axa Assurance S\\u00e9n\\u00e9gal.\", \"position_description_en\": \"Graduated from the 'Institut de Gestion des Risques' at CNPP, he created 3CA in 2000 after 12 years in Axa Assurance Senegal.\", \"position_fr\": \"Directeur G\\u00e9n\\u00e9ral\"}}, {\"type\": \"employee\", \"value\": {\"position_en\": \"Head of fire department and miscellaneous risks\", \"image\": 17, \"employee_name\": \"Albert Sagna\", \"position_description_fr\": \"En charge des Assurances Dommages RC et Transport.\", \"position_description_en\": \"In charge of public liability and transport damage insurances.\", \"position_fr\": \"Responsable service incendie et risques divers\"}}, {\"type\": \"employee\", \"value\": {\"position_en\": \"Finance and administrative manager\", \"image\": 18, \"employee_name\": \"Lamine Ndong\", \"position_description_fr\": \"En charge de la gestion financi\\u00e8re et comptable et de l'assurance maladie.\", \"position_description_en\": \"In charge of accounts management and health insurance.\", \"position_fr\": \"Responsable administratif et financier\"}}, {\"type\": \"employee\", \"value\": {\"position_en\": \"Management assistant\", \"image\": 19, \"employee_name\": \"Pauline Fall\", \"position_description_fr\": \"Assistante du directeur g\\u00e9n\\u00e9ral. Charg\\u00e9e de la supervision de l\\u2019assurance et des sinistres automobiles et TRC.\", \"position_description_en\": \"The managing director deputy. She supervises vehicle insurance and damage and construction all risk insurance.\", \"position_fr\": \"Assistante de direction\"}}, {\"type\": \"employee\", \"value\": {\"position_en\": \"Health insurance and damage manager\", \"image\": 20, \"employee_name\": \"Maguette Sarr\", \"position_description_fr\": \"\", \"position_description_en\": \"\", \"position_fr\": \"Responsable de la production & des sinistres en assurance sante\"}}, {\"type\": \"employee\", \"value\": {\"position_en\": \"Damage department manager\", \"image\": 21, \"employee_name\": \"Awa Diouf\", \"position_description_fr\": \"\", \"position_description_en\": \"\", \"position_fr\": \"Responsable service sinistre\"}}, {\"type\": \"employee\", \"value\": {\"position_en\": \"Vehicle insurance manager\", \"image\": 22, \"employee_name\": \"Blondin Gueye\", \"position_description_fr\": \"\", \"position_description_en\": \"\", \"position_fr\": \"Responsable de la production automobile\"}}]"
    }
  },
  {
    "model": "_3caassurance.contactpage",
    "pk": 5,
    "fields": {}
  },
  {
    "model": "_3caassurance.homepage",
    "pk": 3,
    "fields": {
      "products": "[{\"type\": \"product\", \"value\": {\"image\": 6, \"caption_fr\": \"Dommages aux biens\", \"caption_en\": \"Damage to goods\", \"description_en\": \"Fire, theft, water damage, broken glass...\", \"description_fr\": \"Incendie, vol, d\\u00e9g\\u00e2t des eaux, bris de glace....\"}}, {\"type\": \"product\", \"value\": {\"image\": 10, \"caption_fr\": \"Risques techniques\", \"caption_en\": \"Technical risks\", \"description_en\": \"Machinery breakdown, IT risks\", \"description_fr\": \"Bris de machine, risques informatiques\"}}, {\"type\": \"product\", \"value\": {\"image\": 11, \"caption_fr\": \"Pertes financi\\u00e8res\", \"caption_en\": \"Financial losses\", \"description_en\": \"Operating losses after fire and machinery breakdown\", \"description_fr\": \"Perte d'exploitation apr\\u00e8s bris de machine\"}}, {\"type\": \"product\", \"value\": {\"image\": 8, \"caption_fr\": \"Automobile\", \"caption_en\": \"Vehicle\", \"description_en\": \"All categories\", \"description_fr\": \"Toutes cat\\u00e9gories\"}}, {\"type\": \"product\", \"value\": {\"image\": 12, \"caption_fr\": \"Transport\", \"caption_en\": \"Transport\", \"description_en\": \"Naval and aerial\", \"description_fr\": \"Maritime et a\\u00e9rien\"}}, {\"type\": \"product\", \"value\": {\"image\": 13, \"caption_fr\": \"Assurance vie\", \"caption_en\": \"Life insurance\", \"description_en\": \"Death and retirement benefits\", \"description_fr\": \"D\\u00e9c\\u00e8s et retraite\"}}, {\"type\": \"product\", \"value\": {\"image\": 14, \"caption_fr\": \"Responsabilit\\u00e9s civiles\", \"caption_en\": \"Public liability\", \"description_en\": \"Public liability\", \"description_fr\": \"Responsabilit\\u00e9s civiles\"}}, {\"type\": \"product\", \"value\": {\"image\": 15, \"caption_fr\": \"Dommages corporels\", \"caption_en\": \"Physical damage\", \"description_en\": \"Health insurance and individual accident\", \"description_fr\": \"Maladie et accident individuel\"}}]",
      "offers": "[]"
    }
  }
]
